,Name,Platform,Year,Genre,Publisher,Developer,Critic_Score,User_Score,NA_Sales,PAL_Sales,JP_Sales,Other_Sales,Global_Sales
21,Wii Sports,Wii,2006.0,,Nintendo  ,Nintendo EAD  ,7.7,,41.36,29.02,3.77,8.51,82.65
64,Super Mario Bros.,NES,1985.0,,Nintendo  ,Nintendo EAD  ,10.0,8.2,29.08,3.58,6.81,0.77,40.24
69,Mario Kart Wii,Wii,2008.0,,Nintendo  ,Nintendo EAD  ,8.2,9.1,15.91,12.92,3.8,3.35,35.98
81,Mario Kart 8 Deluxe,NS,2017.0,,Nintendo  ,Nintendo EPD  ,9.3,,5.05,4.98,2.11,0.91,13.05
83,Wii Sports Resort,Wii,2009.0,,Nintendo  ,Nintendo EAD  ,8.0,8.8,15.61,10.99,3.29,3.02,32.9
88,Pokémon Red / Green / Blue Version,GB,1998.0,,Nintendo  ,Game Freak  ,9.4,,11.27,8.89,10.22,1.0,31.37
93,New Super Mario Bros.,DS,2006.0,,Nintendo  ,Nintendo EAD  ,9.1,8.1,11.28,9.19,6.5,2.89,29.85
94,New Super Mario Bros. Wii,Wii,2009.0,,Nintendo  ,Nintendo EAD  ,8.6,9.2,14.53,7.01,4.7,2.27,28.51
95,Tetris,GB,1989.0,,Nintendo  ,Bullet Proof Software  ,,,23.2,2.26,4.22,0.58,30.26
103,Duck Hunt,NES,1985.0,,Nintendo  ,Nintendo R&D1  ,,,26.93,0.63,0.28,0.47,28.31
105,Wii Play,Wii,2007.0,,Nintendo  ,Nintendo EAD  ,5.9,4.5,13.96,9.18,2.93,2.85,28.92
122,Kinect Adventures!,X360,2010.0,,Microsoft Game Studios  ,Good Science Studio  ,6.7,,15.09,4.97,0.24,1.81,22.1
125,Nintendogs,DS,2005.0,,Nintendo  ,Nintendo EAD  ,8.4,,9.05,10.96,1.93,2.74,24.68
126,Mario Kart DS,DS,2005.0,,Nintendo  ,Nintendo EAD  ,9.1,9.4,9.71,7.51,4.13,1.91,23.26
128,Pokémon Gold / Silver Version,GB,2000.0,,Nintendo  ,Game Freak  ,9.2,,9.0,6.18,7.2,0.71,23.1
132,Super Smash Bros. Ultimate,NS,2018.0,,Nintendo  ,Bandai Namco Games  ,9.4,9.7,4.22,1.72,2.41,0.61,8.95
133,Wii Fit,Wii,2008.0,,Nintendo  ,Nintendo EAD  ,7.9,,8.92,8.03,3.6,2.15,22.7
138,The Legend of Zelda: Breath of the Wild,NS,2017.0,,Nintendo  ,Nintendo EPD  ,9.9,10.0,4.54,2.94,1.26,0.73,9.46
139,Wii Fit Plus,Wii,2009.0,,Nintendo  ,Nintendo EAD  ,8.0,,9.01,8.51,2.53,1.76,21.81
142,Super Mario World,SNES,1991.0,,Nintendo  ,Nintendo EAD  ,8.5,,12.78,3.75,3.54,0.55,20.61
144,Grand Theft Auto V,PS3,2013.0,,Rockstar Games  ,Rockstar North  ,9.4,,6.37,9.85,0.99,3.12,20.32
145,Super Mario Odyssey,NS,2017.0,,Nintendo  ,Nintendo EPD  ,9.9,,5.1,3.75,2.02,0.84,11.71
151,Marvel's Spider-Man,PS4,2018.0,,Sony Interactive Entertainment  ,Insomniac Games  ,9.1,,3.64,3.39,0.32,1.41,8.76
163,Grand Theft Auto V,PS4,2014.0,,Rockstar Games  ,Rockstar North  ,9.7,,6.06,9.71,0.6,3.02,19.39
167,Brain Age: Train Your Brain in Minutes a Day,DS,2006.0,,Nintendo  ,Nintendo SDD  ,8.1,,4.74,9.21,4.16,2.04,20.16
171,Mario Kart 7,3DS,2011.0,,Nintendo  ,Nintendo EAD / Retro Studios  ,8.2,,6.03,5.35,3.0,1.11,15.49
174,Super Mario Land,GB,1989.0,,Nintendo  ,Nintendo R&D1  ,,,10.83,2.71,4.18,0.42,18.14
175,Pokémon Diamond / Pearl Version,DS,2007.0,,Nintendo  ,Game Freak  ,8.6,,6.38,4.47,6.04,1.36,18.25
177,Grand Theft Auto: San Andreas,PS2,2004.0,,Rockstar Games  ,Rockstar North  ,9.5,,9.43,0.4,0.41,10.57,20.81
178,Super Mario Bros. 3,NES,1990.0,,Nintendo  ,Nintendo R&D2  ,,,9.54,3.44,3.84,0.46,17.28
191,Pokémon X/Y,3DS,2013.0,,Nintendo  ,Game Freak  ,8.9,9.7,5.68,5.06,4.4,0.99,16.13
192,Uncharted 4: A Thief's End,PS4,2016.0,,Sony Interactive Entertainment  ,Naughty Dog  ,9.2,,4.49,3.93,0.21,1.7,10.33
193,Pokémon Ruby / Sapphire Version,GBA,2003.0,,Nintendo  ,Game Freak  ,8.8,,6.06,3.9,5.38,0.5,15.85
194,Pokémon Sun/Moon,3DS,2016.0,,Nintendo  ,Game Freak  ,9.0,,6.02,4.34,3.82,0.99,15.17
195,Grand Theft Auto: Vice City,PS2,2002.0,,Rockstar Games  ,Rockstar North  ,9.6,,8.41,5.49,0.47,1.78,16.15
201,Grand Theft Auto V,X360,2013.0,,Rockstar Games  ,Rockstar North  ,,,9.06,5.33,0.06,1.42,15.86
203,Pokémon Black / White Version,DS,2011.0,,Nintendo  ,Game Freak  ,8.6,9.0,5.51,3.2,5.66,0.8,15.18
205,Call of Duty: Black Ops 3,PS4,2015.0,,Activision  ,Treyarch  ,,,6.18,6.05,0.41,2.44,15.09
216,Sonic the Hedgehog,GEN,1991.0,,Sega  ,Sonic Team  ,,,3.03,0.91,0.26,0.13,4.34
219,Gran Turismo 3: A-Spec,PS2,2001.0,,Sony Computer Entertainment  ,Polyphony Digital  ,9.3,,6.85,5.09,1.87,1.16,14.98
220,Brain Age 2: More Training in Minutes a Day,DS,2007.0,,Nintendo  ,Nintendo SDD  ,8.0,,3.43,5.36,5.32,1.18,15.29
221,Call of Duty: Modern Warfare 3,X360,2011.0,,Activision  ,Infinity Ward  ,8.7,,9.07,4.29,0.13,1.33,14.82
222,Call of Duty: Black Ops,X360,2010.0,,Activision  ,Treyarch  ,8.8,,9.76,3.73,0.11,1.14,14.74
223,Pokémon Yellow: Special Pikachu Edition,GB,1999.0,,Nintendo  ,Game Freak  ,8.7,,5.89,5.04,3.12,0.59,14.64
226,Halo 3,X360,2007.0,,Microsoft Game Studios  ,Bungie Studios  ,9.6,9.5,7.97,2.81,0.13,1.21,12.13
228,Pokémon Omega Ruby/Pokémon Alpha Sapphire,3DS,2014.0,,Nintendo  ,Game Freak  ,,,4.78,3.98,3.15,0.82,12.73
238,Red Dead Redemption 2,PS4,2018.0,,Rockstar Games  ,Rockstar Games  ,9.8,,5.26,6.21,0.21,2.26,13.94
240,Call of Duty: Black Ops II,X360,2012.0,,Activision  ,Treyarch  ,,,8.27,4.32,0.07,1.2,13.86
241,Super Mario Party,NS,2018.0,,Nintendo  ,"Nd Cube Co., Ltd.  ",7.3,,2.12,1.64,0.85,0.36,4.97
242,Call of Duty: Black Ops II,PS3,2012.0,,Activision  ,Treyarch  ,,,4.99,5.88,0.65,2.28,13.8
243,Call of Duty: Modern Warfare 2,X360,2009.0,,Activision  ,Infinity Ward  ,9.5,9.0,8.54,3.63,0.08,1.28,13.53
245,Call of Duty: WWII,PS4,2017.0,,Activision  ,Sledgehammer Games  ,8.0,,4.67,6.21,0.4,2.12,13.4
246,New Super Mario Bros. 2,3DS,2012.0,,Nintendo  ,Nintendo  ,7.5,,3.95,4.07,2.59,0.72,11.33
247,Call of Duty: Modern Warfare 3,PS3,2011.0,,Activision  ,Infinity Ward  ,8.8,,5.54,5.78,0.49,1.54,13.35
248,Super Smash Bros. Brawl,Wii,2008.0,,Nintendo  ,Project Sora  ,9.2,9.7,6.64,2.57,2.67,1.03,12.91
249,Grand Theft Auto III,PS2,2001.0,,Rockstar Games  ,DMA Design  ,9.5,,6.99,4.51,0.3,1.3,13.1
256,Minecraft,X360,2013.0,,Microsoft Studios  ,Mojang  ,,,5.96,2.94,0.02,0.9,9.82
259,Animal Crossing: New Leaf,3DS,2013.0,,Nintendo  ,Nintendo EAD  ,8.6,,2.46,3.06,4.9,0.48,10.9
260,Super Mario Galaxy,Wii,2007.0,,Nintendo  ,Nintendo EAD Tokyo  ,9.7,9.6,6.06,3.38,1.2,0.76,11.4
261,Super Mario 3D Land,3DS,2011.0,,Nintendo  ,Nintendo EAD Tokyo  ,8.9,,5.1,3.46,2.15,0.85,11.56
262,Pokémon Heart Gold / Soul Silver Version,DS,2010.0,,Nintendo  ,Game Freak  ,8.6,,4.34,2.72,3.96,0.76,11.78
263,Call of Duty: Black Ops,PS3,2010.0,,Activision  ,Treyarch  ,8.7,,6.01,4.4,0.48,1.78,12.67
283,Pokémon FireRed / LeafGreen Version,GBA,2004.0,,Nintendo  ,Game Freak  ,8.3,,4.34,2.65,3.15,0.35,10.49
286,Gran Turismo 5,PS3,2010.0,,Sony Computer Entertainment  ,Polyphony Digital  ,8.3,,2.96,4.87,0.81,2.1,10.75
287,Super Mario 64,N64,1996.0,,Nintendo  ,Nintendo EAD  ,9.7,9.2,6.91,2.85,1.91,0.23,11.89
288,Splatoon 2,NS,2017.0,,Nintendo  ,Nintendo EPD  ,8.2,,1.9,1.8,3.01,0.34,7.04
289,FIFA 18,PS4,2017.0,,EA Sports  ,EA Vancouver  ,8.3,,1.27,8.64,0.15,1.73,11.8
290,The Last of Us Remastered,PS4,2014.0,,Sony Computer Entertainment  ,Naughty Dog  ,9.5,,2.7,2.86,0.11,1.1,6.77
291,Gran Turismo 4,PS2,2005.0,,Sony Computer Entertainment  ,Polyphony Digital  ,8.7,,3.01,0.01,1.1,7.53,11.66
292,Animal Crossing: Wild World,DS,2005.0,,Nintendo  ,Nintendo EAD  ,8.5,,2.5,3.46,5.33,0.86,12.14
296,Super Mario Land 2: 6 Golden Coins,GB,1992.0,,Nintendo  ,Nintendo R&D1  ,9.0,,6.16,2.04,2.69,0.29,11.18
298,Grand Theft Auto IV,X360,2008.0,,Rockstar Games  ,Rockstar North  ,10.0,,6.8,3.11,0.14,1.04,11.09
306,God of War (2018),PS4,2018.0,,Sony Interactive Entertainment  ,SIE Santa Monica Studio  ,9.7,10.0,2.83,2.17,0.13,1.02,6.15
312,FIFA 17,PS4,2016.0,,Electronic Arts  ,EA Canada  ,8.9,,1.26,7.95,0.12,1.61,10.94
313,Gran Turismo,PS,1998.0,,Sony Computer Entertainment  ,Polyphony Digital  ,9.5,,4.02,3.87,2.54,0.52,10.95
314,The Witcher 3: Wild Hunt,PS4,2015.0,,Warner Bros. Interactive Entertainment  ,CD Projekt Red Studio  ,,,1.48,2.82,0.28,0.81,5.39
315,Call of Duty: Modern Warfare 2,PS3,2009.0,,Activision  ,Infinity Ward  ,9.5,,4.99,3.66,0.38,1.59,10.61
317,Grand Theft Auto IV,PS3,2008.0,,Rockstar Games  ,Rockstar North  ,10.0,9.0,4.79,3.73,0.44,1.62,10.57
318,Super Mario All-Stars,SNES,1993.0,,Nintendo  ,Nintendo EAD  ,,9.5,5.99,2.15,2.12,0.29,10.55
321,Call of Duty: Ghosts,X360,2013.0,,Activision  ,Infinity Ward  ,6.9,,6.76,2.64,0.04,0.98,10.41
325,Call of Duty: Ghosts,PS3,2013.0,,Activision  ,Infinity Ward  ,7.5,,4.11,4.01,0.39,1.62,10.13
341,Horizon: Zero Dawn,PS4,2017.0,,Sony Interactive Entertainment  ,Guerrilla Games  ,9.1,8.0,2.2,2.43,0.28,0.92,5.82
362,Halo: Reach,X360,2010.0,,Microsoft Game Studios  ,Bungie  ,9.3,,7.08,2.01,0.08,0.8,9.97
364,Halo 4,X360,2012.0,,Microsoft Studios  ,343 Industries  ,,,6.72,2.36,0.04,0.83,9.96
366,Final Fantasy VII,PS,1997.0,,Sony Computer Entertainment  ,SquareSoft  ,9.6,9.5,3.01,2.47,3.28,0.96,9.72
368,Mario Kart 64,N64,1997.0,,Nintendo  ,Nintendo EAD  ,8.5,,5.55,1.94,2.23,0.15,9.87
372,Super Smash Bros. for 3DS,3DS,2014.0,,Nintendo  ,Bandai Namco Games  ,8.4,,3.73,1.5,2.55,0.54,8.32
376,Call of Duty 4: Modern Warfare,X360,2007.0,,Activision  ,Infinity Ward  ,9.6,9.0,5.98,2.39,0.13,0.91,9.41
377,Gran Turismo 2,PS,1999.0,,Sony Computer Entertainment  ,Polyphony Digital  ,9.2,,3.88,3.42,1.69,0.5,9.49
378,Wii Party,Wii,2010.0,,Nintendo  ,"Nd Cube Co., Ltd.  ",7.0,,1.75,3.51,2.49,0.66,8.41
379,Call of Duty: Black Ops IIII,PS4,2018.0,,Activision  ,Treyarch  ,,,4.05,3.28,0.5,1.49,9.32
380,Mario Party DS,DS,2007.0,,Nintendo  ,Hudson Soft  ,7.1,,4.4,1.86,1.98,0.69,8.93
381,Donkey Kong Country,SNES,1994.0,,Nintendo  ,Rare Ltd.  ,9.0,,4.36,1.71,3.0,0.23,9.3
383,Uncharted 3: Drake's Deception,PS3,2011.0,,Sony Computer Entertainment  ,Naughty Dog  ,9.3,6.3,2.77,2.81,0.19,1.06,6.84
385,FIFA 19,PS4,2018.0,,Electronic Arts  ,EA Sports  ,,,0.84,6.87,0.1,1.34,9.15
395,Pokémon: Ultra Sun and Ultra Moon,3DS,2017.0,,Nintendo  ,Game Freak  ,8.1,,2.46,1.74,2.55,0.4,7.15
396,The Elder Scrolls V: Skyrim,X360,2011.0,,Bethesda Softworks  ,Bethesda Game Studios  ,9.3,,5.1,2.83,0.1,0.85,8.88
397,Mario Party 8,Wii,2007.0,,Nintendo  ,Hudson Soft  ,6.5,,3.74,2.27,1.58,0.7,8.3
398,Super Mario Kart,SNES,1992.0,,Nintendo  ,Nintendo EAD  ,10.0,,3.54,1.24,3.81,0.18,8.76
399,Grand Theft Auto V,XOne,2014.0,,Rockstar Games  ,Rockstar North  ,9.0,9.0,4.7,3.25,0.01,0.76,8.72
402,Final Fantasy VIII,PS,1999.0,,Square EA  ,SquareSoft  ,9.4,,2.28,1.72,3.63,0.23,7.86
403,Final Fantasy X,PS2,2001.0,,Square  ,SquareSoft  ,9.0,10.0,2.91,2.07,2.73,0.33,8.05
405,Pokémon Black 2 and White 2,DS,2012.0,,Nintendo  ,Game Freak  ,8.0,8.3,2.79,1.79,3.16,0.43,8.16
408,Call of Duty: Infinite Warfare,PS4,2016.0,,Activision  ,Infinity Ward  ,,,3.11,3.83,0.19,1.36,8.48
409,Fallout 4,PS4,2015.0,,Bethesda Softworks  ,Bethesda Game Studios  ,8.6,,2.91,3.97,0.27,1.34,8.48
410,Mario Kart 8,WiiU,2014.0,,Nintendo  ,Nintendo  ,8.8,,3.22,2.55,1.39,0.54,7.69
413,Tekken 3,PS,1998.0,,Namco  ,Namco  ,9.6,,3.27,2.22,1.4,0.29,7.16
416,FIFA 16,PS4,2015.0,,EA Sports  ,EA Canada  ,8.5,,1.15,5.77,0.07,1.23,8.22
418,The Last of Us,PS3,2013.0,,Sony Computer Entertainment America  ,Naughty Dog  ,9.5,,2.41,2.57,0.29,0.99,6.27
419,GoldenEye 007,N64,1997.0,,Nintendo  ,Rare Ltd.  ,9.8,,5.8,2.01,0.13,0.15,8.09
420,Star Wars Battlefront (2015),PS4,2015.0,,Electronic Arts  ,EA DICE  ,7.1,,3.31,3.19,0.23,1.3,8.03
421,FIFA 13,PS3,2012.0,,EA Sports  ,EA Canada  ,,,1.07,5.13,0.13,1.68,8.01
427,Halo 2,XB,2004.0,,Microsoft Game Studios  ,Bungie Studios  ,9.6,,6.82,1.53,0.05,0.08,8.49
428,Harry Potter and the Sorcerer's Stone,PS,2001.0,,Electronic Arts  ,Argonaut Games  ,8.0,,1.37,2.0,0.14,0.22,3.73
441,Grand Theft Auto: Liberty City Stories,PSP,2005.0,,Rockstar Games  ,Rockstar Leeds  ,8.8,,2.9,2.83,0.24,1.74,7.72
446,God of War III,PS3,2010.0,,Sony Computer Entertainment  ,SCEA Santa Monica Studio  ,9.2,9.4,2.74,1.36,0.12,0.6,4.81
447,Pokémon Platinum Version,DS,2009.0,,Nintendo  ,Game Freak  ,8.3,8.9,2.76,1.73,2.69,0.54,7.72
448,The Legend of Zelda: Ocarina of Time,N64,1998.0,,Nintendo  ,Nintendo EAD  ,9.9,10.0,4.1,1.89,1.45,0.16,7.6
450,Call of Duty: Advanced Warfare,PS4,2014.0,,Activision  ,Sledgehammer Games  ,8.5,,2.84,3.34,0.14,1.22,7.53
454,Super Mario Bros. 2,NES,1988.0,,Nintendo  ,Nintendo EAD  ,,,5.39,1.18,0.7,0.19,7.46
455,Super Mario Galaxy 2,Wii,2010.0,,Nintendo  ,Nintendo EAD Tokyo  ,9.7,9.8,3.59,2.37,0.98,0.62,7.57
456,Super Smash Bros. Melee,GC,2001.0,,Nintendo  ,HAL Laboratory  ,9.2,,4.41,1.04,1.39,0.22,7.07
458,Call of Duty: Black Ops 3,XOne,2015.0,,Activision  ,Treyarch  ,,,4.63,2.04,0.02,0.68,7.37
459,Battlefield 3,X360,2011.0,,Electronic Arts  ,Dice  ,8.5,,4.47,2.12,0.06,0.69,7.35
461,Yokai Watch 2: Bony Spirits / Fleshy Souls / Psychic Specters,3DS,2016.0,,Nintendo  ,Level 5  ,,,0.22,0.2,3.19,0.04,3.65
463,The Legend of Zelda: Twilight Princess,Wii,2006.0,,Nintendo  ,Nintendo EAD  ,9.5,9.6,3.74,2.16,0.6,0.69,7.18
464,Battlefield 1,PS4,2016.0,,Electronic Arts  ,EA DICE  ,9.1,,2.2,3.65,0.29,1.12,7.26
465,Battlefield 3,PS3,2011.0,,Electronic Arts  ,Dice  ,8.5,,2.86,2.94,0.35,1.07,7.21
467,Need for Speed Underground,PS2,2003.0,,Electronic Arts  ,EA Black Box  ,8.6,,3.27,2.83,0.08,1.02,7.2
473,Pokémon Emerald Version,GBA,2005.0,,Nintendo  ,Game Freak  ,7.7,,2.57,1.58,2.06,0.21,6.41
482,Metal Gear Solid 2: Sons of Liberty,PS2,2001.0,,Konami  ,Konami Computer Entertainment Japan  ,9.5,7.0,2.45,2.01,0.87,0.72,6.05
494,Need for Speed Underground 2,PS2,2004.0,,Electronic Arts  ,EA Black Box  ,8.3,,2.71,3.02,0.08,1.09,6.9
496,Mario Kart: Double Dash!!,GC,2003.0,,Nintendo  ,Nintendo EAD  ,8.5,,4.12,1.77,0.87,0.19,6.95
498,Medal of Honor: Frontline,PS2,2002.0,,Electronic Arts  ,EA Los Angeles  ,9.0,,2.93,2.75,0.17,0.99,6.83
499,Crash Bandicoot,PS,1996.0,,Sony Computer Entertainment  ,Naughty Dog  ,7.8,,3.23,2.35,0.94,0.3,6.82
500,Uncharted 2: Among Thieves,PS3,2009.0,,Sony Computer Entertainment  ,Naughty Dog  ,9.5,9.6,3.28,2.22,0.21,1.02,6.74
502,Call of Duty 4: Modern Warfare,PS3,2007.0,,Activision  ,Infinity Ward  ,9.5,9.6,3.13,2.27,0.28,1.04,6.72
504,FIFA Soccer 12,PS3,2011.0,,EA Sports  ,EA Canada  ,9.2,,0.84,4.33,0.11,1.37,6.65
505,Tomodachi Life,3DS,2014.0,,Nintendo  ,Nintendo  ,7.8,,0.97,2.64,1.98,0.28,5.88
506,FIFA 14,PS3,2013.0,,EA Sports  ,EA Canada  ,,,0.79,4.77,0.07,0.98,6.61
509,Red Dead Redemption,PS3,2011.0,,Rockstar Games  ,Rockstar San Diego  ,9.5,,2.82,2.58,0.17,1.0,6.57
510,Donkey Kong Country Returns,Wii,2010.0,,Nintendo  ,Retro Studios  ,8.6,,3.19,1.81,1.03,0.47,6.5
512,The Legend of Zelda,NES,1987.0,,Nintendo  ,Nintendo EAD  ,,,3.74,0.93,1.69,0.14,6.51
513,Assassin's Creed III,PS3,2012.0,,Ubisoft  ,Ubisoft Montreal  ,8.8,,2.65,2.61,0.16,1.08,6.5
516,Red Dead Redemption,X360,2010.0,,Rockstar Games  ,Rockstar San Diego  ,9.5,10.0,3.77,2.03,0.09,0.6,6.5
517,The Elder Scrolls V: Skyrim,PS3,2011.0,,Bethesda Softworks  ,Bethesda Game Studios  ,9.0,,2.57,2.68,0.25,0.99,6.49
521,Final Fantasy XII,PS2,2006.0,,Square Enix  ,Square Enix  ,9.4,9.5,1.88,0.0,2.33,1.74,5.95
522,Pokémon Crystal Version,GBC,2001.0,,Nintendo  ,Game Freak  ,8.7,,2.55,1.56,1.29,0.99,6.39
524,Minecraft,PS4,2014.0,,Sony Computer Entertainment  ,Mojang  ,9.4,,1.89,3.13,0.35,0.96,6.33
525,Luigi's Mansion: Dark Moon,3DS,2013.0,,Nintendo  ,Next Level Games  ,8.6,,2.03,1.88,1.17,0.36,5.44
526,FIFA 15,PS4,2014.0,,EA Sports  ,EA Canada  ,8.1,,0.83,4.49,0.05,0.94,6.32
527,Kingdom Hearts,PS2,2002.0,,Square EA  ,SquareSoft  ,8.5,,3.64,1.2,1.49,0.07,6.4
530,Street Fighter II: The World Warrior,SNES,1992.0,,Capcom  ,Capcom  ,,,2.47,0.83,2.87,0.12,6.3
531,Driver,PS,1999.0,,GT Interactive  ,Reflections Interactive  ,8.5,,3.11,2.8,0.02,0.33,6.27
535,Big Brain Academy,DS,2006.0,,Nintendo  ,Nintendo EAD  ,7.7,,1.66,2.75,1.6,0.62,6.63
551,Metal Gear Solid,PS,1998.0,,Konami  ,Konami Computer Entertainment Japan  ,9.3,,3.18,1.83,0.78,0.24,6.03
553,Metal Gear Solid 4: Guns of the Patriots,PS3,2008.0,,Konami  ,Kojima Productions  ,9.3,9.8,2.63,1.72,0.83,0.81,6.0
557,Sonic the Hedgehog 2,GEN,1992.0,,Sega  ,Sonic Team  ,,,4.47,1.2,0.16,0.19,6.03
560,Tekken 5,PS2,2005.0,,Namco  ,Namco  ,9.0,,0.93,1.94,0.31,0.7,3.87
568,Mario Kart: Super Circuit,GBA,2001.0,,Nintendo  ,Intelligent Systems  ,9.3,,2.62,1.64,0.99,0.23,5.47
569,Super Mario Sunshine,GC,2002.0,,Nintendo  ,Nintendo EAD  ,9.2,,4.01,1.26,0.87,0.17,6.31
571,Super Mario 3D World,WiiU,2013.0,,Nintendo  ,Nintendo EAD Tokyo  ,9.5,,2.31,1.54,0.79,0.37,5.01
574,New Super Mario Bros. U,WiiU,2012.0,,Nintendo  ,Nintendo EAD  ,8.4,,2.3,1.63,1.32,0.38,5.62
577,Link's Crossbow Training,Wii,2007.0,,Nintendo  ,Nintendo EAD  ,6.9,,3.05,1.17,0.29,0.46,4.98
579,Destiny,PS4,2014.0,,Activision  ,Bungie  ,,,2.53,2.13,0.16,0.94,5.76
580,Tekken 2,PS,1996.0,,Namco  ,Namco  ,9.1,,2.26,1.89,1.36,0.23,5.74
581,Crash Bandicoot 3: Warped,PS,1998.0,,Sony Computer Entertainment  ,Naughty Dog  ,9.3,,3.68,1.75,1.42,0.28,7.13
583,Uncharted: The Nathan Drake Collection,PS4,2015.0,,Sony Computer Entertainment  ,Bluepoint Games  ,,,2.55,2.11,0.1,0.94,5.7
584,Super Mario World: Super Mario Advance 2,GBA,2002.0,,Nintendo  ,Nintendo EAD  ,9.4,,3.21,1.11,0.95,0.2,5.46
587,Cooking Mama,DS,2006.0,,Majesco  ,Office Create  ,6.6,,3.09,1.92,0.07,0.58,5.66
589,Tetris,NES,1989.0,,Nintendo  ,Nintendo  ,,,2.97,0.69,1.81,0.11,5.58
590,Super Mario Advance,GBA,2001.0,,Nintendo  ,Nintendo EAD  ,8.2,,3.14,1.24,0.91,0.2,5.49
591,Assassin's Creed II,PS3,2009.0,,Ubisoft  ,Ubisoft Montreal  ,9.0,,2.54,1.95,0.21,0.86,5.57
592,Super Smash Bros.,N64,1999.0,,Nintendo  ,HAL Laboratory  ,8.4,,2.95,0.6,1.97,0.04,5.55
593,Assassin's Creed,X360,2007.0,,Ubisoft  ,Ubisoft Montreal  ,8.2,8.0,3.28,1.64,0.07,0.56,5.55
594,Batman: Arkham City,PS3,2011.0,,Warner Bros. Interactive  ,Rocksteady Studios  ,9.6,,2.72,1.89,0.11,0.82,5.54
595,Forza Motorsport 3,X360,2009.0,,Microsoft Game Studios  ,Turn 10 Studios  ,9.2,9.8,2.99,1.9,0.1,0.51,5.5
598,Dragon Quest IX: Sentinels of the Starry Skies,DS,2010.0,,Nintendo  ,Level 5  ,8.6,,0.63,0.67,4.35,0.15,5.79
599,Final Fantasy IX,PS,2000.0,,Square  ,SquareSoft  ,9.2,,1.62,0.77,2.78,0.14,5.3
600,Final Fantasy X-2,PS2,2003.0,,Square Enix  ,Square Enix  ,8.3,,1.92,1.08,2.11,0.17,5.29
606,Pokémon Stadium,N64,2000.0,,Nintendo  ,HAL Laboratory  ,7.5,,3.18,1.24,0.94,0.09,5.45
610,Super Mario Advance 4: Super Mario Bros. 3,GBA,2003.0,,Nintendo  ,Nintendo EAD  ,9.2,,2.93,1.25,0.83,0.2,5.2
611,Crash Bandicoot: The Wrath of Cortex,PS2,2001.0,,Universal Interactive  ,Traveller's Tales  ,6.9,,2.07,2.29,0.24,0.82,5.42
612,Super Smash Bros. for Wii U,WiiU,2014.0,,Nintendo  ,Bandai Namco Games  ,9.2,,2.68,1.15,0.85,0.39,5.07
613,Final Fantasy XIII,PS3,2010.0,,Square Enix  ,Square Enix  ,8.0,9.2,1.75,1.23,1.87,0.51,5.35
614,Gran Turismo 5 Prologue,PS3,2008.0,,Sony Computer Entertainment  ,Polyphony Digital  ,8.3,,1.28,1.83,0.57,0.52,4.2
615,Dr. Mario,GB,1990.0,,Nintendo  ,Nintendo R&D1  ,,,2.18,0.96,2.0,0.2,5.34
616,Assassin's Creed III,X360,2012.0,,Ubisoft  ,Ubisoft Montreal  ,,,3.13,1.71,0.03,0.45,5.31
617,Pokémon Pinball,GBC,1999.0,,Nintendo  ,Jupiter Corporation  ,8.7,,3.02,1.12,1.01,0.16,5.31
618,Assassin's Creed II,X360,2009.0,,Ubisoft  ,Ubisoft Montreal  ,9.1,,3.14,1.55,0.08,0.52,5.3
622,Donkey Kong 64,N64,1999.0,,Nintendo  ,Rare Ltd.  ,9.3,,3.33,0.79,1.09,0.06,5.27
623,Just Dance 2,Wii,2010.0,,Ubisoft  ,Ubisoft Paris  ,7.3,,5.8,2.86,0.01,0.77,9.45
624,Tomb Raider II,PS,1997.0,,Eidos Interactive  ,Core Design Ltd.  ,7.6,,2.3,2.46,0.2,0.28,5.24
625,Madden NFL 2004,PS2,2003.0,,EA Sports  ,EA Tiburon  ,9.5,,4.26,0.26,0.01,0.71,5.23
628,Call of Duty: Advanced Warfare,XOne,2014.0,,Activision  ,Sledgehammer Games  ,8.3,,3.25,1.49,0.01,0.48,5.22
630,Gran Turismo 6,PS3,2013.0,,Sony Computer Entertainment America  ,Polyphony Digital  ,,,0.77,1.87,0.41,0.49,3.54
631,Kingdom Hearts II,PS2,2006.0,,Square Enix  ,Square Enix  ,8.3,,2.2,0.58,1.38,0.17,4.33
633,Nintendo Land,WiiU,2012.0,,Nintendo  ,Nintendo  ,7.5,,2.52,1.23,0.51,0.38,4.63
636,Super Mario Land 3: Wario Land,GB,1994.0,,Nintendo  ,Nintendo R&D1  ,7.9,,2.49,0.98,1.57,0.15,5.19
638,Donkey Kong Country 2: Diddy's Kong Quest,SNES,1995.0,,Nintendo  ,Rare Ltd.  ,9.3,,2.1,0.74,2.2,0.11,5.15
640,Medal of Honor: Rising Sun,PS2,2003.0,,Electronic Arts  ,EA Los Angeles  ,5.9,,1.98,2.23,0.13,0.8,5.13
641,Battlefield 1,XOne,2016.0,,Electronic Arts  ,EA DICE  ,9.3,,3.37,1.26,0.02,0.48,5.13
642,Kirby's Dream Land,GB,1992.0,,Nintendo  ,HAL Laboratory  ,,,2.71,0.61,1.7,0.11,5.13
645,FIFA 13,X360,2012.0,,EA Sports  ,EA Canada  ,,,1.1,3.49,0.03,0.5,5.11
646,Resident Evil 5,PS3,2009.0,,Capcom  ,Capcom  ,8.6,8.8,1.96,1.42,1.08,0.64,5.1
647,Fable III,X360,2010.0,,Microsoft Game Studios  ,Lionhead Studios  ,7.8,,3.59,1.09,0.05,0.37,5.1
649,Mario & Sonic at the Olympic Games,DS,2008.0,,Sega  ,Sega  ,7.0,,1.63,2.46,0.44,0.57,5.1
652,Grand Theft Auto: Vice City Stories,PSP,2006.0,,Rockstar Games  ,Rockstar Leeds  ,8.4,,1.7,2.03,0.16,1.19,5.08
653,FIFA Soccer 11,PS3,2010.0,,EA Sports  ,EA Canada  ,8.7,,0.61,3.28,0.06,1.12,5.08
654,Super Mario Bros. Deluxe,GB,1999.0,,Nintendo  ,Nintendo EAD  ,9.7,,3.4,1.3,0.15,0.22,5.07
655,Final Fantasy XV,PS4,2016.0,,Square Enix  ,Square Enix  ,8.1,9.5,1.81,1.53,1.05,0.68,5.07
656,Fallout 4,XOne,2015.0,,Bethesda Softworks  ,Bethesda Game Studios  ,8.4,,2.94,1.62,0.02,0.45,5.03
658,Tony Hawk's Pro Skater,PS,1999.0,,Activision  ,Neversoft Entertainment  ,9.6,,3.42,1.38,0.02,0.2,5.02
668,Gears of War,X360,2006.0,,Microsoft Game Studios  ,Epic Games  ,9.4,9.4,3.54,1.88,0.07,0.6,6.09
669,Gears of War 2,X360,2008.0,,Microsoft Game Studios  ,Epic Games  ,9.4,9.5,4.15,1.91,0.06,0.64,6.75
671,Halo 5: Guardians,XOne,2015.0,,Microsoft Studios  ,343 Industries  ,8.6,,2.94,1.49,0.03,0.45,4.92
672,Halo: Combat Evolved,XB,2001.0,,Microsoft  ,Bungie Studios  ,9.5,,4.98,1.3,0.08,0.07,6.43
688,Guitar Hero III: Legends of Rock,PS2,2007.0,,RedOctane  ,BudCat Creations  ,8.2,,3.49,0.01,0.01,1.48,4.98
689,Uncharted: Drake's Fortune,PS3,2007.0,,Sony Computer Entertainment  ,Naughty Dog  ,8.7,8.6,2.32,1.73,0.12,0.8,4.97
691,Resident Evil 2,PS,1998.0,,Capcom  ,Capcom  ,9.3,,1.88,1.47,2.02,0.45,5.82
692,Fallout 3,X360,2008.0,,Bethesda Softworks  ,Bethesda Game Studios  ,9.0,8.6,3.41,0.99,0.09,0.46,4.96
694,Splatoon,WiiU,2015.0,,Nintendo  ,Nintendo EAD  ,8.4,,1.58,1.3,1.56,0.27,4.71
695,Madden NFL 06,PS2,2005.0,,EA Sports  ,EA Tiburon  ,9.1,,3.98,0.26,0.01,0.66,4.91
697,Dragon Quest VIII: Journey of the Cursed King,PS2,2005.0,,Square Enix  ,Level 5 / Armor Project  ,8.6,,0.65,0.75,3.61,0.2,5.21
699,Diddy Kong Racing,N64,1997.0,,Nintendo  ,Rare Ltd.  ,8.3,,2.91,0.99,0.89,0.1,4.88
700,Pokémon Mystery Dungeon: Explorers of Time / Darkness,DS,2008.0,,Nintendo  ,ChunSoft  ,6.4,,1.83,1.19,1.54,0.37,4.94
703,Dr. Mario,NES,1990.0,,Nintendo  ,Nintendo R&D1  ,,,2.62,0.6,1.52,0.1,4.85
704,Spyro the Dragon,PS,1998.0,,Sony Computer Entertainment  ,Insomniac Games  ,8.7,,3.36,1.36,0.07,0.21,5.0
705,Crash Bandicoot N. Sane Trilogy,PS4,2017.0,,Activision  ,Vicarious Visions  ,,,1.09,2.92,0.07,0.74,4.83
706,Assassin's Creed,PS3,2007.0,,Ubisoft  ,Ubisoft Montreal  ,8.2,8.5,1.91,2.01,0.09,0.82,4.83
709,Crash Team Racing,PS,1999.0,,Sony Computer Entertainment  ,Naughty Dog  ,9.2,,2.57,1.57,0.44,0.21,4.79
711,The Legend of Zelda: Phantom Hourglass,DS,2007.0,,Nintendo  ,Nintendo EAD  ,9.1,,1.85,1.8,0.95,0.48,5.09
712,Batman: Arkham City,X360,2011.0,,Warner Bros. Interactive  ,Rocksteady Studios  ,9.5,,2.99,1.28,0.04,0.44,4.75
714,Driver 2,PS,2000.0,,Atari  ,Reflections Interactive  ,7.0,,2.36,2.1,0.02,0.25,4.73
717,Tony Hawk's Pro Skater 2,PS,2000.0,,Activision  ,Neversoft Entertainment  ,9.3,,3.05,1.41,0.02,0.2,4.68
718,Gran Turismo,PSP,2009.0,,Sony Computer Entertainment  ,Polyphony Digital  ,7.7,9.5,0.43,1.4,0.31,0.78,2.93
719,The Lord of the Rings: The Two Towers,PS2,2002.0,,Electronic Arts  ,Stormfront Studios  ,8.3,,1.94,1.95,0.08,0.7,4.67
720,Nintendogs + cats,3DS,2011.0,,Nintendo  ,Nintendo EAD  ,7.2,,1.44,1.69,0.73,0.29,4.15
721,Tomb Raider,PS,1996.0,,Eidos Interactive  ,Core Design Ltd.  ,8.9,,2.29,1.97,0.13,0.24,4.63
722,God of War,PS2,2005.0,,Sony Computer Entertainment  ,SCEA Santa Monica Studio  ,9.3,,2.71,1.29,0.02,0.43,4.45
723,The Legend of Zelda: A Link to the Past,SNES,1992.0,,Nintendo  ,Nintendo EAD  ,10.0,,2.42,0.91,1.15,0.13,4.61
725,Forza Motorsport 4,X360,2011.0,,Microsoft Studios  ,Turn 10 Studio  ,9.1,,2.08,1.98,0.06,0.49,4.6
728,Guitar Hero III: Legends of Rock,Wii,2007.0,,RedOctane  ,Vicarious Visions  ,8.6,,3.04,1.12,0.0,0.44,4.6
731,Mario & Luigi: Bowser's Inside Story,DS,2009.0,,Nintendo  ,AlphaDream Corporation  ,9.1,,2.23,0.47,0.81,0.27,3.77
732,FIFA 15,PS3,2014.0,,EA Sports  ,EA Canada  ,6.9,,0.59,3.25,0.04,0.68,4.56
733,Mario & Sonic at the Olympic Winter Games,Wii,2009.0,,Sega  ,Sega  ,6.8,,1.87,1.97,0.22,0.48,4.54
734,Overwatch,PS4,2016.0,,Blizzard Entertainment  ,Blizzard Entertainment  ,8.8,,1.84,1.8,0.17,0.73,4.54
735,Madden NFL 2005,PS2,2004.0,,EA Sports  ,EA Tiburon  ,9.5,,4.18,0.26,0.01,0.08,4.53
736,Guitar Hero III: Legends of Rock,X360,2007.0,,RedOctane  ,Neversoft  ,8.7,,3.19,0.91,0.01,0.42,4.53
737,Star Wars Battlefront II (2017),PS4,2017.0,,Electronic Arts  ,EA DICE  ,,,1.7,1.99,0.12,0.73,4.53
746,LittleBigPlanet,PS3,2008.0,,Sony Computer Entertainment  ,Media Molecule  ,9.4,9.2,2.8,2.01,0.17,0.87,5.85
756,Professor Layton and the Curious Village,DS,2008.0,,Nintendo  ,Level 5  ,8.7,,1.21,2.44,1.03,0.51,5.2
757,Spider-Man: The Movie,PS2,2002.0,,Activision  ,Treyarch  ,8.2,,2.71,1.51,0.03,0.23,4.48
758,The Elder Scrolls IV: Oblivion,X360,2009.0,,Take-Two Interactive  ,Bethesda Softworks  ,9.2,,2.89,1.03,0.13,0.41,4.47
759,The Legend of Zelda: The Wind Waker,GC,2003.0,,Nintendo  ,Nintendo EAD  ,9.6,,2.6,0.99,0.89,0.13,4.6
760,Tony Hawk's Pro Skater 3,PS2,2001.0,,Activision  ,Neversoft Entertainment  ,9.1,,2.66,1.29,0.01,0.46,4.41
763,Winning Eleven: Pro Evolution Soccer 2007,PS2,2007.0,,Konami  ,Konami Computer Entertainment Tokyo  ,8.8,,0.1,2.39,1.05,0.86,4.39
765,Zelda II: The Adventure of Link,NES,1988.0,,Nintendo  ,Nintendo EAD  ,,,2.19,0.5,1.61,0.08,4.38
766,Michael Jackson: The Experience,Wii,2010.0,,Ubisoft  ,Ubisoft Montpellier  ,5.6,,2.64,1.33,0.01,0.39,4.37
767,Tom Clancy's The Division,PS4,2016.0,,Ubisoft  ,Massive Entertainment  ,,,1.49,2.04,0.16,0.69,4.37
768,Need for Speed: Most Wanted,PS2,2005.0,,Electronic Arts  ,EA Canada  ,8.6,,2.03,1.79,0.08,0.47,4.37
769,Tom Clancy's Rainbow Six: Siege,PS4,2015.0,,Ubisoft  ,Ubisoft Montreal  ,,,1.29,2.06,0.36,0.64,4.36
770,Call of Duty: Advanced Warfare,X360,2014.0,,Activision  ,High Moon Studios  ,9.1,,2.81,1.13,0.0,0.41,4.34
771,Watch Dogs,PS4,2014.0,,Ubisoft  ,Ubisoft Montreal  ,,,1.4,2.13,0.11,0.68,4.32
772,Animal Crossing: City Folk,Wii,2008.0,,Nintendo  ,Nintendo EAD  ,7.1,8.8,1.84,1.13,1.32,0.36,4.65
776,Dragon Quest VII,PS,2001.0,,Enix  ,Heart Beat  ,8.0,3.0,0.2,0.14,4.1,0.02,4.47
778,Monster Hunter Generations,3DS,2016.0,,Capcom  ,Capcom  ,8.8,,0.42,0.26,2.82,0.07,3.56
779,The Witcher 3: Wild Hunt,XOne,2015.0,,Warner Bros. Interactive Entertainment  ,CD Projekt Red Studio  ,,,0.97,0.61,0.01,0.15,1.74
780,Batman: Arkham Asylum,PS3,2009.0,,Eidos Interactive  ,Rocksteady Studios  ,9.0,,2.26,1.33,0.07,0.63,4.28
781,Call of Duty: Advanced Warfare,PS3,2014.0,,Activision  ,High Moon Studios  ,9.1,,1.59,1.81,0.2,0.67,4.27
783,God of War II,PS2,2007.0,,Sony Computer Entertainment  ,SCEA Santa Monica Studio  ,9.3,9.8,2.32,0.04,0.04,1.67,4.07
784,Namco Museum,GBA,2001.0,,Namco  ,Mass Media  ,,,3.0,1.11,0.05,0.07,4.24
785,Super Paper Mario,Wii,2007.0,,Nintendo  ,Intelligent Systems  ,8.5,,1.95,0.87,0.59,0.32,3.73
786,Assassin's Creed: Revelations,PS3,2011.0,,Ubisoft  ,Ubisoft Montreal  ,8.8,,1.41,2.03,0.1,0.69,4.23
787,Assassin's Creed: Revelations,X360,2011.0,,Ubisoft  ,Ubisoft Montreal  ,7.9,,2.28,1.47,0.04,0.44,4.22
788,FIFA Soccer 06,PS2,2005.0,,EA Sports  ,EA Canada  ,8.4,,0.78,2.55,0.04,0.84,4.21
792,Monster Hunter 4 Ultimate,3DS,2015.0,,Capcom  ,Capcom  ,8.8,,0.72,0.49,2.63,0.12,3.96
794,Street Fighter IV,PS3,2009.0,,Capcom  ,Capcom / Dimps Corporation  ,9.3,9.0,2.04,1.05,0.59,0.52,4.19
796,FIFA Soccer 12,X360,2011.0,,EA Sports  ,EA Canada  ,9.2,,0.85,2.79,0.02,0.52,4.18
797,Call of Duty: Ghosts,PS4,2013.0,,Activision  ,Infinity Ward  ,7.5,,1.79,1.64,0.05,0.69,4.17
798,Teenage Mutant Ninja Turtles,NES,1989.0,,Ultra Games  ,Konami  ,5.9,,3.38,0.44,0.31,0.04,4.17
800,Excitebike,NES,1985.0,,Nintendo  ,Nintendo R&D1  ,,,2.04,0.48,1.57,0.07,4.16
802,The Legend of Zelda: A Link Between Worlds,3DS,2013.0,,Nintendo  ,Nintendo EAD  ,9.3,,1.53,1.31,0.47,0.26,3.57
804,Star Wars Battlefront (2015),XOne,2015.0,,Electronic Arts  ,EA DICE  ,6.9,,2.49,1.26,0.02,0.38,4.15
805,FIFA 14,X360,2013.0,,EA Sports  ,EA Canada  ,,,0.94,2.92,0.01,0.29,4.15
806,Madden NFL 2003,PS2,2002.0,,EA Sports  ,EA Tiburon  ,9.4,,3.36,0.21,0.01,0.56,4.14
807,Assassin's Creed: Unity,PS4,2014.0,,Ubisoft  ,Ubisoft Montreal  ,,,1.25,2.16,0.09,0.65,4.14
808,Destiny 2,PS4,2017.0,,Activision  ,Bungie  ,,,1.92,1.44,0.1,0.69,4.14
810,Super Mario World 2: Yoshi's Island,SNES,1995.0,,Nintendo  ,Nintendo EAD  ,9.0,,1.65,0.61,1.76,0.09,4.12
811,Batman: Arkham Knight,PS4,2015.0,,Warner Bros. Interactive  ,Rocksteady Studios  ,8.1,,1.65,1.68,0.11,0.66,4.11
812,FIFA 07 Soccer,PS2,2006.0,,EA Sports  ,Team Fusion  ,8.4,,0.71,2.48,0.03,0.89,4.11
818,Street Fighter II Turbo,SNES,1993.0,,Capcom  ,Capcom  ,9.0,,1.42,0.51,2.1,0.07,4.1
819,Crash Bandicoot 2: Cortex Strikes Back,PS,1997.0,,Sony Computer Entertainment  ,Naughty Dog  ,8.6,,3.78,2.17,1.31,0.31,7.58
820,Fallout: New Vegas,X360,2010.0,,Bethesda Softworks  ,Obsidian Entertainment  ,8.2,,2.67,1.03,0.04,0.34,4.08
821,Assassin's Creed Origins,PS4,2017.0,,Ubisoft  ,Ubisoft Montreal  ,,,1.22,2.11,0.11,0.63,4.06
822,Far Cry 4,PS4,2014.0,,Ubisoft  ,Ubisoft Montreal  ,8.4,,1.18,2.14,0.11,0.63,4.06
823,Carnival Games,Wii,2007.0,,Global Star Software  ,Cat Daddy Games  ,4.2,,2.12,1.47,0.05,0.42,4.06
824,World Soccer Winning Eleven 9,PS2,2006.0,,Konami  ,Konami Computer Entertainment Tokyo  ,8.9,,0.12,2.26,0.9,0.77,4.06
825,Forza Motorsport 2,X360,2007.0,,Microsoft Game Studios  ,Turn 10 Studios  ,9.1,,2.35,1.27,0.03,0.41,4.05
827,Namco Museum Vol.3,PS,1997.0,,Namco  ,Namco  ,,,2.28,1.55,0.16,0.06,4.05
828,Tekken Tag Tournament,PS2,2000.0,,Namco  ,Namco  ,8.7,,1.68,1.51,0.51,0.35,4.05
830,Super Mario Maker,WiiU,2015.0,,Nintendo  ,Nintendo EAD  ,8.8,,1.27,0.94,1.03,0.21,3.45
831,Golf,NES,1985.0,,Nintendo  ,Nintendo  ,,,1.22,0.28,2.46,0.04,4.01
838,EyeToy Play,PS2,2003.0,,Sony Computer Entertainment  ,SCEE London Studio  ,7.5,,0.88,2.3,0.2,0.83,4.2
850,Monster Hunter: World,PS4,2018.0,,Capcom  ,Capcom  ,9.3,9.0,1.03,1.06,2.17,0.42,4.67
859,Star Fox 64,N64,1997.0,,Nintendo  ,Nintendo EAD  ,9.0,,2.78,0.58,0.64,0.04,4.03
869,Fallout 3,PS3,2008.0,,Bethesda Softworks  ,Bethesda Game Studios  ,8.8,,2.18,1.15,0.07,0.61,4.0
873,NBA 2K16,PS4,2015.0,,2K Sports  ,Visual Concepts  ,8.7,,2.56,0.66,0.05,0.71,3.98
875,Far Cry 5,PS4,2018.0,,Ubisoft  ,Ubisoft  ,7.9,,1.44,1.73,0.15,0.62,3.95
876,Battlefield 4,PS4,2013.0,,Electronic Arts  ,EA DICE  ,8.3,,1.4,1.74,0.19,0.62,3.94
877,Assassin's Creed IV: Black Flag,PS3,2013.0,,Ubisoft  ,Ubisoft Montreal  ,8.7,,1.34,1.86,0.13,0.62,3.94
878,EA Sports Active,Wii,2009.0,,EA Sports  ,EA Vancouver  ,8.3,,2.11,1.35,0.06,0.4,3.93
881,Donkey Kong Land,GB,1995.0,,Nintendo  ,Rare Ltd.  ,,,1.97,0.76,1.07,0.11,3.91
884,Tony Hawk's Underground,PS2,2003.0,,Activision  ,Neversoft Entertainment  ,8.7,,2.29,1.17,0.01,0.42,3.9
886,Professor Layton and the Diabolical Box,DS,2009.0,,Nintendo  ,Level 5  ,8.5,,0.9,1.76,0.92,0.37,3.95
887,Sports Champions,PS3,2010.0,,Sony Computer Entertainment  ,SCE San Diego Studio  ,7.6,,2.15,1.13,0.1,0.5,3.88
889,World Soccer Winning Eleven 8 International,PS2,2005.0,,Konami  ,Konami Computer Entertainment Tokyo  ,9.3,,0.16,1.89,1.12,0.68,3.85
890,Namco Museum Vol.1,PS,1996.0,,Namco  ,Namco  ,,,2.12,1.44,0.22,0.06,3.84
891,The Legend of Zelda: Link's Awakening,GB,1993.0,,Nintendo  ,Nintendo EAD  ,,,2.21,0.96,0.54,0.13,3.83
892,Resident Evil VII: Biohazard,PS4,2017.0,,Capcom  ,Capcom  ,8.6,,0.88,1.56,0.41,0.46,3.31
895,Monster Hunter Freedom Unite,PSP,2009.0,,Capcom  ,Capcom Production Studio 1  ,7.7,9.7,0.47,0.57,4.13,0.34,5.5
896,Gran Turismo Sport,PS4,2017.0,,Sony Interactive Entertainment  ,Polyphony Digital  ,,,0.63,2.35,0.24,0.54,3.77
900,Ratchet & Clank: Size Matters,PSP,2007.0,,Sony Computer Entertainment  ,High Impact Games  ,8.5,,1.4,1.4,0.1,0.86,3.75
901,Pokémon Trading Card Game,GB,2000.0,,Nintendo  ,Hudson Soft  ,8.3,,1.49,0.73,1.38,0.1,3.7
902,Ratchet & Clank,PS2,2002.0,,Sony Computer Entertainment  ,Insomniac Games  ,,,1.44,1.01,0.57,0.3,3.33
905,FIFA Soccer 2005,PS2,2004.0,,EA Sports  ,EA Canada  ,8.4,,0.58,2.48,0.04,0.59,3.7
908,Super Mario Maker,3DS,2016.0,,Nintendo  ,Nintendo  ,7.3,,0.78,1.04,1.25,0.16,3.23
909,The Legend of Zelda: Skyward Sword,Wii,2011.0,,Nintendo  ,Nintendo EAD  ,9.4,,2.03,1.18,0.37,0.39,3.96
910,Tony Hawk's Pro Skater 4,PS2,2002.0,,Activision  ,Neversoft Entertainment  ,9.6,,2.13,1.18,0.01,0.35,3.67
912,MySims,DS,2007.0,,Electronic Arts  ,EA Redwood Shores  ,6.7,,1.58,1.6,0.08,0.4,3.66
913,Banjo-Kazooie,N64,1998.0,,Nintendo  ,Rare Ltd.  ,9.3,9.4,1.87,1.13,0.55,0.1,3.65
914,SOCOM: U.S. Navy SEALs,PS2,2002.0,,Sony Computer Entertainment  ,Zipper Interactive  ,8.0,,2.53,0.81,0.06,0.24,3.65
915,Battlefield 4,PS3,2013.0,,Electronic Arts  ,EA DICE  ,8.7,,1.31,1.5,0.27,0.55,3.64
916,Jak and Daxter: The Precursor Legacy,PS2,2001.0,,Sony Computer Entertainment  ,Naughty Dog  ,9.0,8.9,2.08,1.09,0.15,0.33,3.64
917,Pokémon Snap,N64,1999.0,,Nintendo  ,HAL Laboratory  ,7.9,,2.23,0.68,0.66,0.06,3.63
918,Pro Evolution Soccer 2008,PS2,2008.0,,Konami  ,Konami  ,8.2,,0.05,0.0,0.64,2.93,3.63
919,FIFA Soccer 10,PS3,2009.0,,EA Sports  ,EA Canada  ,9.0,,0.6,2.46,0.05,0.52,3.63
921,Star Wars Battlefront,PS2,2004.0,,LucasArts  ,Pandemic Studios  ,8.1,,1.93,1.22,0.03,0.44,3.61
929,Metal Gear Solid 3: Snake Eater,PS2,2004.0,,Konami  ,KCEJ / Kojima Productions  ,9.0,,1.46,0.0,0.83,1.93,4.23
931,Assassin's Creed Syndicate,PS4,2015.0,,Ubisoft  ,Ubisoft Quebec  ,8.6,,0.9,2.06,0.08,0.55,3.6
932,Star Wars Battlefront II,PS2,2005.0,,LucasArts  ,Pandemic Studios  ,8.5,,2.18,1.02,0.03,0.37,3.59
933,Assassin's Creed: Unity,XOne,2014.0,,Ubisoft  ,Ubisoft Montreal  ,,,2.34,0.9,0.0,0.34,3.58
934,Cooking Mama 2: Dinner With Friends,DS,2007.0,,Majesco  ,Office Create  ,6.9,,1.6,1.49,0.1,0.39,3.58
936,WWF SmackDown!,PS,2000.0,,THQ  ,Yuke's  ,,,2.01,1.35,0.06,0.16,3.58
938,Battlefield 4,X360,2013.0,,Electronic Arts  ,EA DICE  ,8.7,,2.16,1.05,0.02,0.32,3.54
939,Grand Theft Auto: Liberty City Stories,PS2,2006.0,,Rockstar Games  ,Rockstar Leeds  ,8.3,,1.56,1.4,0.07,0.5,3.54
940,The Getaway,PS2,2003.0,,Sony Computer Entertainment  ,Team Soho  ,7.7,,1.23,1.77,0.05,0.49,3.54
941,Tomb Raider III: Adventures of Lara Croft,PS,1998.0,,Eidos Interactive  ,Core Design Ltd.  ,8.2,,1.66,1.58,0.12,0.18,3.54
942,Batman: Arkham Asylum,X360,2009.0,,Eidos Interactive  ,Rocksteady Studios  ,9.1,,2.24,0.95,0.02,0.33,3.54
943,Assassin's Creed: Brotherhood,X360,2010.0,,Ubisoft  ,Ubisoft Montreal  ,9.1,,2.87,0.39,0.03,0.25,3.53
944,James Bond 007: Agent Under Fire,PS2,2001.0,,Electronic Arts  ,EA Redwood Shores  ,,,1.9,1.13,0.1,0.41,3.53
945,LEGO Star Wars: The Video Game,PS2,2005.0,,Eidos Interactive  ,Traveller's Tales  ,7.9,,1.98,1.14,0.01,0.41,3.53
946,Resident Evil 5,X360,2009.0,,Capcom  ,Capcom  ,8.6,,2.13,0.93,0.12,0.34,3.53
948,NBA 2K17,PS4,2016.0,,2K Sports  ,Visual Concepts  ,9.0,,2.28,0.59,0.03,0.63,3.52
949,FIFA Soccer 11,X360,2010.0,,EA Sports  ,EA Canada  ,8.7,,0.71,2.39,0.02,0.4,3.52
950,Donkey Kong Country 3: Dixie Kong's Double Trouble!,SNES,1996.0,,Nintendo  ,Rare Ltd.  ,8.8,,1.17,0.5,1.75,0.08,3.51
956,Fable II,X360,2008.0,,Microsoft Game Studios  ,Lionhead Studios  ,9.0,9.3,2.51,1.24,0.11,0.41,4.28
958,Kung Fu,NES,1985.0,,Nintendo  ,Irem Software Engineering  ,,,1.64,0.38,1.42,0.06,3.5
962,Resident Evil 3: Nemesis,PS,1999.0,,Capcom  ,Capcom  ,9.4,,1.3,0.77,1.54,0.11,3.72
968,FIFA Soccer 2004,PS2,2003.0,,EA Sports  ,EA Canada  ,8.0,,0.59,2.36,0.04,0.51,3.49
971,Battlefield: Bad Company 2,X360,2010.0,,Electronic Arts  ,EA Digital Illusions CE  ,9.0,9.3,2.11,1.01,0.04,0.33,3.48
973,Borderlands,X360,2009.0,,2K Games  ,Gearbox Software  ,8.3,,2.43,0.72,0.03,0.3,3.48
974,Animal Crossing: Happy Home Designer,3DS,2015.0,,Nintendo  ,Nintendo EAD  ,6.6,,0.71,1.1,1.45,0.15,3.41
975,Mario & Sonic at the Olympic Winter Games,DS,2009.0,,Sega  ,Sega  ,7.6,,1.21,1.63,0.27,0.37,3.47
977,Guitar Hero: On Tour,DS,2008.0,,Activision  ,Vicarious Visions  ,7.1,8.1,2.1,1.01,0.01,0.35,3.46
978,Dragon Ball Z: Budokai,PS2,2002.0,,Atari  ,Dimps Corporation  ,,,2.17,0.28,0.55,0.08,3.09
979,Spyro 2: Ripto's Rage!,PS,1999.0,,Sony Computer Entertainment  ,Insomniac Games  ,8.7,,2.14,1.21,0.01,0.17,3.52
980,Halo: The Master Chief Collection,XOne,2014.0,,Microsoft Studios  ,343 Industries  ,,,2.06,1.04,0.03,0.31,3.44
983,Tekken 4,PS2,2002.0,,Namco  ,Namco  ,7.9,,1.55,1.27,0.33,0.29,3.44
984,FIFA 14,PS4,2013.0,,EA Sports  ,EA Canada  ,,,0.62,2.18,0.12,0.51,3.43
985,LittleBigPlanet 2,PS3,2011.0,,Sony Computer Entertainment  ,Media Molecule  ,9.1,,1.83,1.07,0.06,0.47,3.43
988,Spider-Man 2,PS2,2004.0,,Activision  ,Treyarch  ,7.9,,1.75,1.2,0.02,0.43,3.41
989,F-1 Race,GB,1991.0,,Nintendo  ,Nintendo  ,,,1.73,0.69,0.59,0.4,3.41
994,FIFA Soccer 2003,PS2,2002.0,,EA Sports  ,EA Canada  ,,,0.46,2.28,0.05,0.61,3.4
996,Crash Bash,PS,2000.0,,Sony Computer Entertainment  ,Eurocom Entertainment Software  ,6.8,,1.56,1.47,0.19,0.17,3.39
999,Tekken: Dark Resurrection,PSP,2006.0,,Namco Bandai  ,8ing/Raizing  ,8.7,,0.76,1.1,0.12,0.65,2.62
1000,The Elder Scrolls V: Skyrim Special Edition,PS4,2016.0,,Bethesda Softworks  ,Bethesda Softworks  ,8.3,,1.24,1.5,0.08,0.54,3.36
1001,Watch Dogs 2,PS4,2016.0,,Ubisoft  ,Ubisoft  ,,,0.98,1.74,0.12,0.52,3.36
1002,The Legend of Zelda: Majora's Mask,N64,2000.0,,Nintendo  ,Nintendo EAD  ,9.3,,1.9,0.67,0.73,0.06,3.36
1004,Yoshi's Island DS,DS,2006.0,,Nintendo  ,Artoon  ,8.2,,1.45,0.07,1.1,0.15,2.77
1006,Assassin's Creed IV: Black Flag,X360,2013.0,,Ubisoft  ,Ubisoft Montreal  ,8.5,,1.9,1.14,0.01,0.3,3.34
1007,NBA 2K18,PS4,2017.0,,2K Sports  ,Visual Concepts  ,8.1,,2.13,0.57,0.04,0.59,3.34
1008,Big Brain Academy: Wii Degree,Wii,2007.0,,Nintendo  ,Nintendo EAD  ,7.1,,1.05,1.91,0.41,0.42,3.79
1009,Luigi's Mansion,GC,2001.0,,Nintendo  ,Nintendo EAD  ,7.9,,2.38,0.67,0.46,0.1,3.6
1010,James Bond 007: Nightfire,PS2,2002.0,,Electronic Arts  ,Eurocom Entertainment Software  ,,,1.45,1.29,0.12,0.46,3.33
1011,Star Wars Episode III: Revenge of the Sith,PS2,2005.0,,LucasArts  ,The Collective  ,,,1.47,1.39,0.03,0.43,3.32
1012,Max Payne,PS2,2001.0,,Rockstar Games  ,Remedy Entertainment  ,8.1,,1.99,1.05,0.05,0.22,3.31
1021,The Lord of the Rings: The Return of the King,PS2,2003.0,,Electronic Arts  ,"Hypnos Entertainment, Inc.  ",8.4,,1.5,1.28,0.05,0.46,3.28
1025,The Legend of Zelda: Majora's Mask 3D,3DS,2015.0,,Nintendo  ,GREZZO  ,9.0,,1.2,0.64,0.48,0.18,2.5
1027,True Crime: Streets of LA,PS2,2003.0,,Activision  ,Luxoflux  ,,,1.89,1.05,0.02,0.31,3.27
1028,Gran Turismo (PSP),PSP,2009.0,,Sony Computer Entertainment  ,Polyphony Digital  ,,,0.51,1.59,0.31,0.86,3.27
1029,Far Cry 3,PS3,2012.0,,Ubisoft  ,Ubisoft Montreal  ,,,0.88,1.79,0.1,0.5,3.27
1030,God of War: Chains of Olympus,PSP,2008.0,,Sony Computer Entertainment  ,Ready at Dawn  ,8.9,9.5,1.48,1.0,0.04,0.66,3.19
1032,Flash Focus: Vision Training in Minutes a Day,DS,2007.0,,Nintendo  ,Bandai Namco Games  ,6.1,,0.86,1.56,1.05,0.35,3.83
1033,Ratchet & Clank: Up Your Arsenal,PS2,2004.0,,Sony Computer Entertainment  ,Insomniac Games  ,9.1,,1.31,0.74,0.31,0.22,2.57
1035,L.A. Noire,PS3,2011.0,,Rockstar Games  ,Team Bondi  ,9.1,,1.29,1.31,0.12,0.49,3.21
1037,Baseball,NES,1985.0,,Nintendo  ,Nintendo  ,,,0.73,0.1,2.35,0.02,3.2
1039,Detroit: Become Human,PS4,2018.0,,Sony Interactive Entertainment  ,Quantic Dream  ,8.0,,0.55,0.67,0.12,0.24,1.57
1044,Killer Instinct,SNES,1995.0,,Nintendo  ,Rare Ltd.  ,,,2.26,0.72,0.12,0.1,3.2
1045,Perfect Dark,N64,2000.0,,Rare  ,Rare Ltd.  ,9.7,,1.55,0.75,0.16,0.06,2.52
1047,WWF SmackDown! 2: Know Your Role,PS,2000.0,,THQ  ,Yuke's  ,8.7,,1.76,1.21,0.07,0.16,3.2
1048,Assassin's Creed IV: Black Flag,PS4,2013.0,,Ubisoft  ,Ubisoft Montreal  ,8.3,,1.07,1.55,0.06,0.51,3.19
1050,1-2-Switch,NS,2017.0,,Nintendo  ,Nintendo EPD  ,5.7,,0.62,1.2,0.5,0.15,2.46
1051,Personal Trainer: Cooking,DS,2008.0,,Nintendo  ,Nintendo EAD  ,8.4,,0.91,1.01,1.03,0.17,3.13
1053,Enter the Matrix,PS2,2003.0,,Atari  ,Shiny Entertainment  ,,,1.78,1.12,0.09,0.19,3.18
1054,Assassin's Creed Odyssey,PS4,2018.0,,Ubisoft  ,Ubisoft Quebec  ,9.5,,1.18,1.4,0.09,0.51,3.18
1055,Fallout: New Vegas,PS3,2010.0,,Bethesda Softworks  ,Obsidian Entertainment  ,8.2,,1.54,1.04,0.1,0.49,3.17
1056,Sonic Heroes,PS2,2004.0,,Sega  ,Sonic Team  ,6.6,,1.04,1.37,0.06,0.49,2.96
1060,Spider-Man,PS,2000.0,,Activision  ,Neversoft Entertainment  ,,,1.7,1.25,0.02,0.16,3.13
1062,The Elder Scrolls IV: Oblivion,PS3,2007.0,,Bethesda Softworks  ,4J Studios  ,9.3,,1.69,0.86,0.14,0.44,3.12
1063,Star Wars Episode I Racer,N64,1999.0,,LucasArts  ,LucasArts  ,8.7,,2.31,0.62,0.14,0.04,3.12
1064,Tekken 6,PS3,2009.0,,Namco Bandai  ,Namco Bandai Games  ,7.9,,1.2,0.97,0.17,0.42,2.77
1066,Resident Evil 6,PS3,2012.0,,Capcom  ,Capcom  ,,,0.88,0.97,0.88,0.39,3.12
1067,Tom Clancy's Ghost Recon Wildlands,PS4,2017.0,,Ubisoft  ,Ubisoft Paris  ,7.0,,1.07,1.35,0.22,0.47,3.12
1068,NBA 2K13,X360,2012.0,,2K Sports  ,Visual Concepts  ,8.6,,2.62,0.21,0.01,0.28,3.11
1069,Titanfall,XOne,2014.0,,Electronic Arts  ,Respawn Entertainment  ,,,1.88,0.91,0.04,0.28,3.11
1070,Mario Party 9,Wii,2012.0,,Nintendo  ,"Nd Cube Co., Ltd.  ",6.5,,1.06,1.15,0.77,0.22,3.2
1074,Mass Effect 2,X360,2010.0,,Electronic Arts  ,BioWare Edmonton  ,9.5,8.9,1.99,0.81,0.03,0.27,3.1
1075,Madden NFL 2002,PS2,2001.0,,EA Sports  ,EA Sports  ,,,2.5,0.16,0.01,0.42,3.08
1076,World Class Track Meet,NES,1987.0,,Bandai  ,Bandai  ,,,1.92,0.45,0.64,0.07,3.08
1078,Saints Row 2,X360,2008.0,,THQ  ,Volition Inc.  ,7.9,,1.98,0.79,0.02,0.28,3.07
1079,Donkey Kong,GB,1994.0,,Nintendo  ,Nintendo EAD  ,,,1.57,0.62,0.55,0.34,3.07
1083,Borderlands 2,X360,2013.0,,2K Games  ,Gearbox Software  ,,,1.89,0.88,0.04,0.26,3.06
1084,Mario Tennis Aces,NS,2018.0,,Nintendo  ,Camelot Software Planning  ,7.8,,0.71,0.62,0.42,0.12,1.87
1085,New Super Luigi U,WiiU,2013.0,,Nintendo  ,Nintendo  ,7.8,,1.25,0.75,0.22,0.2,2.42
1088,Mass Effect 3,X360,2012.0,,Electronic Arts  ,BioWare  ,,,1.94,0.84,0.03,0.24,3.04
1089,Rhythm Heaven,DS,2009.0,,Nintendo  ,Nintendo SPD Group No.1  ,8.5,,0.55,0.5,1.93,0.14,3.12
1090,Metal Gear Solid V: The Phantom Pain,PS4,2015.0,,Konami Digital Entertainment  ,Kojima Productions  ,,,0.97,1.15,0.5,0.42,3.04
1093,Mike Tyson's Punch-Out!!,NES,1987.0,,Nintendo  ,Nintendo IRD  ,,,2.03,0.47,0.45,0.07,3.02
1094,Professor Layton and the Unwound Future,DS,2010.0,,Nintendo  ,Level 5  ,8.4,,0.61,1.58,0.82,0.27,3.28
1096,Disney Epic Mickey,Wii,2010.0,,Disney Interactive Studios  ,Junction Point Studios  ,7.0,,2.04,0.63,0.12,0.23,3.02
1097,Fire Emblem Fates,3DS,2016.0,,Nintendo  ,Intelligent Systems  ,,,0.99,0.31,0.53,0.14,1.98
1110,Gears of War 3,X360,2011.0,,Microsoft Studios  ,Epic Games  ,9.1,,4.05,1.59,0.07,0.5,6.22
1111,God of War: Ascension,PS3,2013.0,,Sony Computer Entertainment  ,SCEA Santa Monica Studio  ,,,1.23,0.72,0.04,0.41,2.4
1113,Halo 3: ODST,X360,2009.0,,Microsoft Game Studios  ,Bungie  ,8.7,,4.34,1.34,0.06,0.61,6.35
1114,Heavy Rain,PS3,2010.0,,Sony Computer Entertainment  ,Quantic Dream  ,8.8,8.6,1.29,1.24,0.06,0.48,3.06
1116,Kinect Sports,X360,2010.0,,Microsoft Game Studios  ,Rare Ltd.  ,7.4,,3.92,1.73,0.03,0.55,6.23
1118,Left 4 Dead,X360,2008.0,,Valve Corporation  ,Certain Affinity / Valve Software  ,8.7,9.0,2.66,0.49,0.05,0.31,3.52
1119,Left 4 Dead 2,X360,2009.0,,Electronic Arts  ,Certain Affinity / Valve Software  ,9.0,,2.67,0.88,0.05,0.38,3.97
1126,MotorStorm,PS3,2007.0,,Sony Computer Entertainment  ,Evolution Studios  ,8.2,,1.53,1.61,0.06,0.67,3.87
1132,Sonic and the Secret Rings,Wii,2007.0,,Sega  ,Sonic Team  ,6.7,,1.23,1.19,0.04,0.3,2.75
1133,Sonic Rush,DS,2005.0,,Sega  ,Dimps Corporation  ,7.8,,1.21,1.56,0.06,0.29,3.13
1146,Kirby Super Star Ultra,DS,2008.0,,Nintendo  ,HAL Laboratory  ,7.3,,1.55,0.04,1.19,0.15,2.92
1147,Star Fox,SNES,1993.0,,Nintendo  ,Argonaut Games  ,,,1.61,0.51,0.8,0.07,2.99
1149,World Soccer Winning Eleven 6 International,PS2,2003.0,,Konami  ,Konami Computer Entertainment Tokyo  ,,,0.12,1.26,1.16,0.45,2.99
1150,Far Cry 3,X360,2012.0,,Ubisoft  ,Ubisoft Montreal  ,,,1.38,1.33,0.02,0.25,2.98
1151,Mario vs. Donkey Kong: Mini-Land Mayhem!,DS,2010.0,,Nintendo  ,Nintendo Software Technology Corporation  ,7.8,,1.63,0.51,0.35,0.18,2.68
1152,Style Savvy,DS,2009.0,,Nintendo  ,syn Sophia  ,7.6,,0.62,0.82,0.96,0.18,2.58
1154,Yokai Watch,3DS,2015.0,,Nintendo  ,Level 5  ,7.7,,0.44,0.68,1.34,0.09,2.55
1155,Ratchet & Clank: Going Commando,PS2,2003.0,,Sony Computer Entertainment  ,Insomniac Games  ,8.7,,1.44,0.83,0.26,0.25,2.78
1156,The Legend of Zelda: Spirit Tracks,DS,2009.0,,Nintendo  ,Nintendo EAD  ,8.7,,1.4,0.92,0.74,0.26,3.32
1157,Battlefield: Bad Company 2,PS3,2010.0,,Electronic Arts  ,EA Digital Illusions CE  ,8.9,8.8,1.33,1.11,0.08,0.44,2.96
1158,Hitman 2: Silent Assassin,PS2,2002.0,,Eidos Interactive  ,IO Interactive  ,,,1.36,1.15,0.04,0.41,2.96
1159,Street Fighter IV,X360,2009.0,,Capcom  ,Capcom / Dimps Corporation  ,9.3,9.3,1.83,0.7,0.15,0.26,2.95
1160,SOCOM II: U.S. Navy SEALs,PS2,2003.0,,Sony Computer Entertainment  ,Zipper Interactive  ,,,2.22,0.51,0.06,0.15,2.94
1161,WWE SmackDown! vs. RAW 2006,PS2,2005.0,,THQ  ,Yuke's  ,,,1.45,1.11,0.04,0.33,2.94
1162,Wave Race 64,N64,1996.0,,Nintendo  ,Nintendo EAD  ,9.2,,1.98,0.58,0.34,0.04,2.94
1163,Pac-Man Collection,GBA,2001.0,,Namco  ,Mass Media  ,,,2.07,0.77,0.05,0.05,2.94
1164,Kirby Star Allies,NS,2018.0,,Nintendo  ,HAL Laboratory  ,8.1,10.0,0.75,0.41,0.72,0.11,1.99
1165,Pokémon Ranger,DS,2006.0,,Nintendo  ,HAL Laboratory  ,6.6,,1.28,0.03,0.73,0.12,2.15
1168,Doom (2016),PS4,2016.0,,Bethesda Softworks  ,id Software  ,,,0.93,1.48,0.04,0.46,2.92
1169,Mass Effect,X360,2007.0,,Microsoft Game Studios  ,BioWare Edmonton  ,9.2,9.1,1.83,0.79,0.03,0.27,2.91
1173,Dead Rising 3,XOne,2013.0,,Microsoft Studios  ,Capcom  ,,,1.06,0.4,0.01,0.15,1.63
1174,Dragon Ball Z: Budokai 2,PS2,2003.0,,Atari  ,Dimps Corporation  ,,,1.63,0.22,0.51,0.06,2.41
1177,Mario Party: Island Tour,3DS,2013.0,,Nintendo  ,"Nd Cube Co., Ltd.  ",5.5,,0.66,1.04,0.56,0.14,2.4
1178,Nioh,PS4,2017.0,,Sony Interactive Entertainment  ,Team Ninja  ,,,0.34,0.36,0.2,0.14,1.03
1182,Cooking Mama: Cook Off,Wii,2007.0,,Majesco  ,Office Create  ,5.9,,1.41,1.12,0.05,0.3,2.89
1183,Hot Shots Golf 3,PS2,2002.0,,Sony Computer Entertainment  ,Clap Hanz  ,,,0.99,0.32,1.38,0.2,2.89
1184,Call of Duty: Finest Hour,PS2,2004.0,,Activision  ,Spark Unlimited  ,,,1.51,1.12,0.01,0.24,2.89
1185,Syphon Filter,PS,1999.0,,989 Studios  ,Eidetic  ,9.2,,2.03,0.72,0.02,0.11,2.88
1186,Middle-Earth: Shadow of Mordor,PS4,2014.0,,Warner Bros. Interactive Entertainment  ,Monolith Productions  ,,,1.03,1.6,0.05,0.51,3.19
1189,Donkey Kong Country Returns 3D,3DS,2013.0,,Nintendo  ,Monster Games  ,8.6,,0.81,0.75,0.42,0.14,2.13
1191,Mafia III,PS4,2016.0,,2K Games  ,Hangar 13  ,6.9,,0.72,1.67,0.04,0.44,2.87
1193,Colin McRae Rally,PS,2000.0,,Sony Computer Entertainment  ,Codemasters  ,7.9,,0.09,2.43,0.12,0.22,2.87
1194,Wii Music,Wii,2008.0,,Nintendo  ,Nintendo EAD  ,5.6,,1.35,1.12,0.46,0.32,3.25
1195,The Elder Scrolls III: Morrowind,XB,2002.0,,Bethesda Softworks  ,Bethesda Softworks  ,8.2,,2.09,0.63,0.03,0.11,2.86
1197,Assassin's Creed: Brotherhood,PS3,2010.0,,Ubisoft  ,Ubisoft Montreal  ,9.1,,1.87,0.57,0.11,0.3,2.85
1198,F-Zero,SNES,1991.0,,Nintendo  ,Nintendo EAD  ,,,1.37,0.51,0.89,0.07,2.85
1199,Yoshi's Story,N64,1998.0,,Nintendo  ,Nintendo EAD  ,,,1.29,0.53,0.98,0.05,2.85
1202,Metroid Prime,GC,2002.0,,Nintendo  ,Retro Studios  ,9.6,9.5,1.96,0.67,0.1,0.09,2.82
1205,BioShock,X360,2007.0,,2K Games  ,2K Australia / 2K Boston  ,9.6,9.5,1.65,0.85,0.05,0.28,2.83
1207,Yoshi's Island: Super Mario Advance 3,GBA,2002.0,,Nintendo  ,Nintendo EAD  ,,,1.75,0.45,0.62,0.09,2.91
1208,WWE SmackDown! vs. Raw,PS2,2004.0,,THQ  ,Yuke's  ,,,1.32,1.08,0.04,0.39,2.83
1209,Finding Nemo,GBA,2003.0,,THQ  ,Vicarious Visions  ,7.0,,1.59,1.05,0.04,0.14,2.82
1210,Medal of Honor,PS3,2010.0,,Electronic Arts  ,EA Los Angeles  ,7.0,,1.28,1.04,0.07,0.43,2.82
1211,Diablo III: Ultimate Evil Edition,PS4,2014.0,,Blizzard Entertainment  ,Blizzard Entertainment  ,,,0.83,1.48,0.08,0.44,2.82
1213,The Legend of Zelda: A Link to the Past,GBA,2002.0,,Nintendo  ,"Flagship Co., Ltd. / Nintendo EAD  ",9.6,,1.75,0.52,0.33,0.1,2.7
1215,Gran Turismo (PSP),PSN,2009.0,,Sony Computer Entertainment  ,Polyphony Digital  ,7.8,,0.43,0.91,0.31,1.16,2.82
1217,Need for Speed: Hot Pursuit,PS3,2010.0,,Electronic Arts  ,Criterion Games  ,8.9,,1.05,1.24,0.03,0.49,2.81
1219,Killzone 3,PS3,2011.0,,Sony Computer Entertainment  ,Guerrilla Games  ,8.2,,1.46,0.87,0.09,0.38,2.81
1227,Madden NFL 07,PS2,2006.0,,EA Sports  ,EA Tiburon  ,8.5,,3.63,0.24,0.01,0.61,4.49
1230,Hot Shots Golf,PS,1998.0,,Sony Computer Entertainment  ,Camelot Software Planning  ,,,0.29,0.2,2.13,0.18,2.79
1234,WWF SmackDown! Just Bring It,PS2,2001.0,,THQ  ,Yuke's  ,,,1.19,1.15,0.04,0.41,2.79
1240,Saints Row: The Third,X360,2011.0,,THQ  ,Volition Inc.  ,8.3,,1.26,1.14,0.07,0.3,2.77
1241,Tekken 7,PS4,2017.0,,Namco Bandai Games  ,Namco Bandai Games  ,,,0.6,0.72,0.12,0.26,1.7
1246,Resident Evil,PS,1996.0,,Capcom  ,Capcom  ,8.6,,2.05,1.16,1.11,0.73,5.05
1247,Need for Speed: Most Wanted (2012),PS3,2012.0,,Electronic Arts  ,Criterion Games  ,,,0.71,1.52,0.06,0.45,2.74
1248,Tetris DS,DS,2006.0,,Nintendo  ,Nintendo  ,8.5,,0.63,0.05,1.35,0.08,2.11
1249,L.A. Noire,X360,2011.0,,Rockstar Games  ,Team Bondi  ,9.1,,1.55,0.92,0.02,0.24,2.73
1250,Metroid,NES,1987.0,,Nintendo  ,Nintendo R&D1  ,,,1.33,0.31,1.04,0.05,2.73
1251,Far Cry: Primal,PS4,2016.0,,Ubisoft  ,Ubisoft Montreal  ,7.2,,0.63,1.61,0.07,0.41,2.73
1253,Need for Speed (2015),PS4,2015.0,,Electronic Arts  ,Ghost Games  ,7.0,,0.59,1.66,0.06,0.41,2.72
1257,World Soccer Winning Eleven 7 International,PS2,2004.0,,Konami  ,Konami Computer Entertainment Tokyo  ,9.2,,0.08,1.24,1.13,0.45,2.9
1262,Mario Party,N64,1999.0,,Nintendo  ,Hudson Soft  ,7.6,,1.25,0.53,0.87,0.05,2.7
1265,Call of Duty 3,X360,2006.0,,Activision  ,Treyarch  ,8.0,8.4,1.49,0.92,0.02,0.27,2.7
1266,LEGO Star Wars II: The Original Trilogy,PS2,2006.0,,LucasArts  ,Traveller's Tales  ,8.4,,1.85,0.64,0.01,0.19,2.69
1271,Dragon Ball: Xenoverse 2,PS4,2016.0,,Namco Bandai Games  ,Dimps Corporation  ,7.1,,0.54,0.59,0.14,0.23,1.5
1273,Call of Duty 2: Big Red One,PS2,2005.0,,Activision  ,Treyarch  ,8.5,,1.48,0.92,0.01,0.26,2.67
1277,Final Fantasy XIII-2,PS3,2012.0,,Square Enix  ,Square Enix  ,,,0.78,0.75,0.89,0.23,2.66
1278,Medal of Honor Heroes,PSP,2006.0,,Electronic Arts  ,Team Fusion  ,6.7,,0.86,1.11,0.01,0.67,2.66
1280,Need for Speed: Shift,PS3,2009.0,,Electronic Arts  ,Slightly Mad Studios  ,8.2,,0.69,1.4,0.04,0.52,2.65
1283,Donkey Kong Country: Tropical Freeze,NS,2018.0,,Nintendo  ,Retro Studios  ,9.1,9.1,0.71,0.61,0.26,0.12,1.69
1284,Mario & Luigi: Dream Team,3DS,2013.0,,Nintendo  ,AlphaDream Corporation  ,8.0,,0.95,0.75,0.47,0.16,2.33
1287,Star Wars: Shadows of the Empire,N64,1996.0,,Nintendo  ,LucasArts  ,,,2.0,0.5,0.12,0.03,2.65
1290,Ace Combat 04: Shattered Skies,PS2,2001.0,,Namco  ,Namco  ,8.9,,2.06,0.56,0.38,0.17,3.17
1291,Medal of Honor,X360,2010.0,,Electronic Arts  ,EA Los Angeles  ,7.3,,1.58,0.8,0.04,0.22,2.64
1292,NBA 2K12,X360,2011.0,,2K Sports  ,Visual Concepts  ,9.1,,2.32,0.14,0.01,0.17,2.64
1293,Midnight Club: Street Racing,PS2,2000.0,,Rockstar Games  ,Angel Studios  ,,,2.0,0.47,0.02,0.14,2.63
1294,NBA 2K13,PS3,2012.0,,2K Sports  ,Visual Concepts  ,8.9,,1.74,0.46,0.05,0.39,2.63
1295,NBA 2K19,PS4,2018.0,,2K Sports  ,Visual Concepts  ,,,1.69,0.44,0.03,0.47,2.63
1298,FIFA Soccer 10,X360,2009.0,,EA Sports  ,EA Canada  ,8.9,,0.6,1.79,0.01,0.23,2.62
1301,LittleBigPlanet,PSP,2009.0,,Sony Computer Entertainment  ,SCEE Cambridge  ,8.8,,0.65,1.27,0.01,0.68,2.61
1302,Kirby: Triple Deluxe,3DS,2014.0,,Nintendo  ,HAL Laboratory  ,7.8,,0.74,0.39,0.8,0.11,2.05
1303,Harry Potter and the Chamber of Secrets,PS2,2002.0,,Electronic Arts  ,Eurocom Entertainment Software  ,,,0.9,1.22,0.04,0.44,2.61
1305,Mario Strikers Charged,Wii,2007.0,,Nintendo  ,Next Level Games  ,7.7,,1.05,1.05,0.24,0.24,2.59
1306,Monster Hunter 3G,3DS,2013.0,,Capcom  ,Capcom  ,7.6,,0.46,0.32,1.96,0.08,2.82
1307,NieR: Automata,PS4,2017.0,,Square Enix  ,PlatinumGames  ,,,0.56,0.51,0.42,0.22,1.71
1308,Streets of Rage,GEN,1990.0,,Sega  ,Sega  ,,,1.86,0.55,0.11,0.08,2.6
1309,Grand Theft Auto: Episodes from Liberty City,X360,2009.0,,Rockstar Games  ,Rockstar North  ,9.0,,1.08,1.22,0.03,0.27,2.6
1312,FIFA Soccer 09,PS3,2008.0,,Electronic Arts  ,EA Canada  ,8.6,,0.49,1.63,0.04,0.43,2.59
1316,WWE SmackDown vs. RAW 2007,PS2,2006.0,,THQ  ,Yuke's  ,8.0,,1.4,0.88,0.03,0.26,2.58
1319,Clubhouse Games,DS,2006.0,,Nintendo  ,Agenda  ,8.3,,0.59,1.8,0.73,0.34,3.45
1320,NBA 2K14,X360,2013.0,,2K Sports  ,Visual Concepts  ,,,2.11,0.19,0.0,0.27,2.57
1322,Dragon Age: Origins,X360,2009.0,,Electronic Arts  ,BioWare Edmonton  ,8.5,,1.76,0.55,0.03,0.22,2.56
1323,FIFA 16,PS3,2015.0,,EA Sports  ,EA Canada  ,9.0,,0.43,1.68,0.05,0.38,2.55
1324,Pokémon Stadium 2,N64,2001.0,,Nintendo  ,HAL Laboratory  ,7.9,,1.02,0.36,1.13,0.23,2.73
1328,Crazy Taxi,PS2,2001.0,,Acclaim Entertainment  ,Hitmaker  ,8.2,,1.13,1.12,0.06,0.22,2.52
1331,Tomb Raider (2013),PS3,2013.0,,Square Enix  ,Crystal Dynamics  ,8.9,,0.6,1.45,0.08,0.38,2.51
1332,Midnight Club: Los Angeles,PS3,2008.0,,Rockstar Games  ,Rockstar San Diego  ,8.3,,1.59,0.54,0.05,0.33,2.5
1333,PES 2009: Pro Evolution Soccer,PS2,2008.0,,Konami  ,Konami  ,,,0.13,0.07,0.26,2.05,2.5
1338,Crisis Core: Final Fantasy VII,PSP,2008.0,,Square Enix  ,Square Enix  ,8.1,9.0,1.35,0.6,0.8,0.44,3.19
1339,Dance Central,X360,2010.0,,MTV Games  ,Harmonix Music Systems  ,8.4,,2.15,0.76,0.01,0.26,3.18
1342,Dragon Ball Z: Budokai 3,PS2,2004.0,,Atari  ,Dimps Corporation  ,,,1.09,0.15,0.65,0.04,1.94
1346,Final Fantasy Tactics,PS,1998.0,,Sony Computer Entertainment  ,SquareSoft  ,8.8,,0.93,0.12,1.34,0.06,2.45
1348,Forza Horizon 3,XOne,2016.0,,Microsoft Studios  ,Playground Games  ,9.0,,1.64,1.96,0.02,0.32,3.93
1365,NBA 2K15,PS4,2014.0,,2K Sports  ,Visual Concepts  ,,,1.49,0.55,0.01,0.44,2.49
1369,Dark Souls III,PS4,2016.0,,Namco Bandai Games  ,From Software  ,,,1.0,0.63,0.44,0.34,2.42
1370,Mario Party 2,N64,2000.0,,Nintendo  ,Hudson Soft  ,,,1.28,0.14,1.08,0.01,2.5
1371,Saints Row: The Third,PS3,2011.0,,THQ  ,Volition Inc.  ,8.3,,0.86,1.06,0.18,0.37,2.48
1372,Tomb Raider: The Last Revelation,PS,1999.0,,Eidos Interactive  ,Core Design Ltd.  ,,,1.15,1.14,0.06,0.13,2.48
1374,Pure,X360,2008.0,,Disney Interactive Studios  ,Black Rock Studio  ,8.3,,1.38,0.84,0.0,0.25,2.47
1376,Minecraft,PSV,2014.0,,Sony Computer Entertainment America  ,4J Studios  ,,,0.22,0.73,1.25,0.27,2.47
1378,Paper Mario: Sticker Star,3DS,2012.0,,Nintendo  ,Intelligent Systems  ,,,1.12,0.49,0.64,0.15,2.41
1379,WarioWare Touched!,DS,2005.0,,Nintendo  ,Intelligent Systems  ,7.8,,0.51,0.45,1.21,0.13,2.3
1380,Resistance 2,PS3,2008.0,,Sony Computer Entertainment  ,Insomniac Games  ,8.5,8.7,1.15,0.84,0.1,0.38,2.47
1383,Mario Party 4,GC,2002.0,,Nintendo  ,Hudson Soft  ,7.0,,1.13,0.36,0.92,0.07,2.47
1384,Dying Light,PS4,2015.0,,Warner Bros. Interactive  ,Techland  ,,,1.18,0.74,0.13,0.4,2.45
1396,Ice Hockey,NES,1988.0,,Nintendo  ,Nintendo  ,,,1.27,0.32,0.78,0.05,2.42
1397,Sonic Adventure,DC,1999.0,,Sega  ,Sonic Team  ,8.9,,1.26,0.61,0.46,0.08,2.42
1398,Tom Clancy's Rainbow Six: Vegas 2,X360,2008.0,,Ubisoft  ,Ubisoft Montreal  ,8.2,,1.56,0.61,0.02,0.23,2.42
1399,God of War Collection,PS3,2009.0,,Sony Computer Entertainment  ,Bluepoint Games  ,9.2,,1.7,0.45,0.06,0.4,2.6
1400,Kinect: Disneyland Adventures,X360,2011.0,,Microsoft Studios  ,Frontier Developments  ,8.5,,1.73,0.43,0.02,0.23,2.41
1401,Pro Evolution Soccer 2011,PS3,2010.0,,Konami  ,Konami  ,6.0,,0.29,1.18,0.54,0.41,2.41
1404,Pokémon Colosseum,GC,2004.0,,Nintendo  ,Genius Sonority Inc.  ,7.0,,1.21,0.57,0.7,0.07,2.54
1406,Halo: Combat Evolved Anniversary,X360,2011.0,,Microsoft Studios  ,343 Industries  ,8.0,,1.44,0.71,0.04,0.22,2.41
1407,Need for Speed: ProStreet,PS2,2007.0,,Electronic Arts  ,EA Black Box  ,,,0.69,0.0,0.04,1.68,2.41
1409,Forza Motorsport 5,XOne,2013.0,,Microsoft Studios  ,Turn 10 Studios  ,,,1.28,0.9,0.01,0.21,2.4
1410,Midnight Club: Los Angeles,X360,2008.0,,Rockstar Games  ,Rockstar San Diego  ,8.0,,1.72,0.45,0.01,0.22,2.4
1412,Dino Crisis,PS,1999.0,,Capcom  ,Capcom Production Studio 4  ,8.9,,0.81,0.76,0.7,0.14,2.41
1414,Monster Hunter Freedom 2,PSP,2007.0,,Capcom  ,Capcom  ,7.6,,0.37,0.27,1.75,0.18,2.58
1415,Naruto Shippuden: Ultimate Ninja Storm 4,PS4,2016.0,,Namco Bandai Games  ,CyberConnect2  ,,,0.71,0.47,0.12,0.24,1.54
1417,Pro Wrestling,NES,1987.0,,Nintendo  ,TRY Corporation  ,,,0.77,0.18,1.42,0.03,2.4
1421,Batman: Arkham Origins,PS3,2013.0,,Warner Bros. Interactive Entertainment  ,Warner Bros. Interactive Entertainment  ,,,1.08,0.88,0.04,0.4,2.4
1424,Mario & Sonic at the London 2012 Olympic Games,Wii,2011.0,,Sega  ,Sega  ,6.8,,1.12,1.9,0.27,0.43,3.72
1428,ARMS,NS,2017.0,,Nintendo  ,Nintendo EPD  ,7.9,,0.9,0.48,0.47,0.14,1.99
1429,WCW/nWo Revenge,N64,1998.0,,THQ  ,Aki Corp.  ,,,1.94,0.39,0.03,0.02,2.38
1430,Ratchet & Clank (2016),PS4,2016.0,,Sony Interactive Entertainment  ,Insomniac Games  ,,,0.97,0.97,0.06,0.39,2.38
1433,The Incredibles,PS2,2004.0,,THQ  ,Heavy Iron Studios  ,5.9,,0.96,1.08,0.04,0.3,2.37
1434,Tony Hawk's Underground 2,PS2,2004.0,,Activision  ,Neversoft Entertainment  ,,,1.25,0.86,0.01,0.26,2.37
1435,Yokai Watch Blasters: Red Cat Corps / White Dog Squad,3DS,2018.0,,Nintendo  ,Level 5  ,,,0.07,0.05,2.3,0.01,2.44
1437,Uncharted: The Lost Legacy,PS4,2017.0,,Sony Interactive Entertainment  ,Naughty Dog  ,,,0.58,1.38,0.04,0.36,2.37
1440,Kirby's Dream Land 2,GB,1995.0,,Nintendo  ,HAL Laboratory  ,,,0.69,0.14,1.48,0.05,2.36
1441,Pokémon Mystery Dungeon: Red Rescue Team,GBA,2006.0,,Nintendo  ,ChunSoft  ,,,0.71,0.52,0.74,0.08,2.06
1443,Donkey Kong Land 2,GB,1996.0,,Nintendo  ,Rare Ltd.  ,,,1.39,0.48,0.4,0.08,2.35
1445,Pokémon Ranger: Shadows of Almia,DS,2008.0,,Nintendo  ,HAL Laboratory  ,6.7,,0.94,0.54,0.62,0.18,2.28
1446,WarioWare: Smooth Moves,Wii,2007.0,,Nintendo  ,Intelligent Systems  ,8.2,,0.86,1.05,0.73,0.26,2.89
1449,WWE SmackDown vs Raw 2008,PS2,2007.0,,THQ  ,Yuke's Media Creations  ,,,0.92,0.0,0.01,1.41,2.34
1450,Dragon Age: Inquisition,PS4,2014.0,,Electronic Arts  ,BioWare Edmonton  ,,,1.07,0.8,0.08,0.38,2.34
1451,Kinect Sports: Season Two,X360,2011.0,,Microsoft Studios  ,Rare Ltd.  ,6.6,,1.38,0.72,0.02,0.21,2.33
1453,Art Academy,DS,2010.0,,Nintendo  ,Headstrong Games  ,6.8,,0.26,1.66,0.33,0.27,2.52
1454,The Legend of Zelda: The Wind Waker,WiiU,2013.0,,Nintendo  ,Nintendo EAD  ,9.3,,1.04,0.73,0.15,0.17,2.08
1458,Mario Tennis,N64,2000.0,,Nintendo  ,Camelot Software Planning  ,8.8,,0.78,0.4,1.06,0.07,2.32
1459,Grand Theft Auto,PS,1998.0,,Take-Two Interactive  ,DMA Design  ,6.0,,0.79,1.35,0.04,0.14,2.32
1460,James Bond 007: Everything or Nothing,PS2,2004.0,,Electronic Arts  ,EA Redwood Shores  ,,,0.85,1.06,0.09,0.32,2.31
1463,Fire Emblem: Awakening,3DS,2013.0,,Nintendo  ,Intelligent Systems  ,9.0,,0.9,0.5,0.56,0.14,2.1
1464,Mario Paint,SNES,1992.0,,Nintendo  ,Intelligent Systems  ,,,1.43,0.54,0.71,0.07,2.75
1465,The Sims 3,X360,2010.0,,Electronic Arts  ,The Sims Studio  ,8.0,,1.28,0.82,0.0,0.2,2.31
1466,Cool Boarders 3,PS,1998.0,,989 Studios  ,Idol Minds Digital Entertainment  ,,,1.65,0.46,0.1,0.1,2.31
1472,Final Fantasy III,DS,2006.0,,Square Enix  ,Matrix Software  ,7.4,,0.89,0.04,1.07,0.09,2.08
1473,Resident Evil 4,PS2,2005.0,,Capcom  ,Capcom Production Studio 4  ,9.6,9.3,2.08,0.83,0.46,0.25,3.62
1477,Dead Island,PS3,2011.0,,Deep Silver  ,Techland  ,6.7,,1.08,0.74,0.15,0.32,2.29
1481,Pro Evolution Soccer 2010,PS3,2009.0,,Konami  ,Konami  ,7.0,,0.3,1.27,0.46,0.26,2.28
1482,Mario Bros.,NES,1986.0,,Nintendo  ,Nintendo R&D1  ,,,0.51,0.12,1.63,0.02,2.28
1484,FIFA Soccer 09,PS2,2008.0,,Electronic Arts  ,EA Canada  ,,,0.38,0.07,0.01,1.82,2.28
1487,Animal Crossing,GC,2002.0,,Nintendo  ,Nintendo EAD  ,8.3,,1.92,0.16,0.99,0.09,3.15
1489,Kirby Squeak Squad,DS,2006.0,,Nintendo  ,"HAL Laboratory, Flagship  ",7.3,,0.78,0.03,1.05,0.08,1.94
1491,Borderlands 2,PS3,2012.0,,2K Games  ,Gearbox Software  ,,,1.06,0.75,0.1,0.36,2.27
1493,No Man's Sky,PS4,2016.0,,Hello Games  ,Hello Games  ,6.8,,0.89,0.97,0.04,0.37,2.26
1494,Cool Boarders 2,PS,1997.0,,Sony Computer Entertainment  ,UEP Systems  ,,,1.52,0.46,0.2,0.08,2.25
1496,Dynasty Warriors 4,PS2,2003.0,,KOEI  ,Omega Force  ,,,0.63,0.21,1.13,0.13,2.11
1497,Mario Party 10,WiiU,2015.0,,Nintendo  ,"Nd Cube Co., Ltd.  ",6.3,,0.82,0.75,0.29,0.14,2.0
1498,Guitar Hero III: Legends of Rock,PS3,2007.0,,RedOctane  ,Neversoft  ,8.2,8.0,1.4,0.53,0.02,0.3,2.25
1503,Sonic Advance,GBA,2002.0,,Sega  ,Dimps Corporation / Sonic Team  ,,,1.19,0.71,0.22,0.13,2.24
1504,Super Mario All-Stars: Limited Edition,Wii,2010.0,,Nintendo  ,Nintendo EAD  ,7.2,,1.04,0.52,0.92,0.14,2.62
1506,Air Combat,PS,1995.0,,Namco  ,Namco  ,7.0,,0.92,0.33,0.52,0.05,1.83
1507,Teenage Mutant Ninja Turtles II: The Arcade Game,NES,1990.0,,Ultra Games  ,Konami  ,,,1.74,0.25,0.21,0.03,2.23
1509,Battlefield V,PS4,2018.0,,Electronic Arts  ,EA DICE  ,,,0.8,0.93,0.16,0.34,2.22
1513,The Legend of Zelda: Link's Awakening DX,GBC,1998.0,,Nintendo  ,Nintendo EAD  ,9.4,,1.0,0.63,0.45,0.13,2.22
1514,NBA 2K14,PS3,2013.0,,2K Sports  ,Visual Concepts  ,,,1.45,0.34,0.04,0.39,2.22
1520,Need for Speed: Hot Pursuit,X360,2010.0,,Electronic Arts  ,Criterion Games  ,8.8,,1.03,0.96,0.0,0.21,2.2
1532,Wario Land 3,GB,2000.0,,Nintendo  ,Nintendo R&D1  ,,,1.11,0.51,0.34,0.23,2.2
1533,Wario Land 4,GBA,2001.0,,Nintendo  ,Nintendo R&D1  ,,,0.9,0.73,0.54,0.09,2.26
1535,BioShock 2,X360,2010.0,,2K Games  ,2K Marin  ,8.6,,1.45,0.54,0.02,0.2,2.2
1537,Final Fantasy XIII,X360,2010.0,,Square Enix  ,Square Enix  ,8.1,,1.3,0.67,0.01,0.21,2.19
1541,Donkey Kong Country,GBC,2000.0,,Nintendo  ,Rare Ltd.  ,9.1,,1.04,0.72,0.3,0.13,2.19
1542,Kirby's Pinball Land,GB,1993.0,,Nintendo  ,HAL Laboratory  ,,,0.87,0.17,1.1,0.05,2.19
1543,Pro Evolution Soccer 2012,PS3,2011.0,,Konami  ,Konami  ,7.5,,0.34,0.97,0.55,0.32,2.19
1544,Need for Speed: Payback,PS4,2017.0,,Electronic Arts  ,Ghost Games  ,5.8,,0.62,1.18,0.04,0.34,2.18
1546,Dragon Ball: Xenoverse,PS4,2015.0,,Namco Bandai Games  ,Dimps Corporation  ,,,0.33,0.55,0.14,0.17,1.19
1549,Destiny: The Taken King,PS4,2015.0,,Activision  ,Bungie  ,,,0.97,0.8,0.05,0.36,2.18
1551,Dragon Ball FighterZ,PS4,2018.0,,Namco Bandai Games  ,Arc System Works  ,,,0.61,0.51,0.12,0.23,1.46
1552,Mario Party 5,GC,2003.0,,Nintendo  ,Hudson Soft  ,5.9,,0.97,0.33,0.73,0.06,2.08
1553,Star Wars: Rogue Squadron,N64,1998.0,,LucasArts  ,Factor 5  ,9.0,,1.6,0.46,0.08,0.03,2.17
1554,Tennis,NES,1985.0,,Nintendo  ,Nintendo  ,,,0.48,0.11,1.56,0.02,2.17
1555,Ratchet: Deadlocked,PS2,2005.0,,Sony Computer Entertainment  ,Insomniac Games  ,,,0.85,0.03,0.22,0.14,1.24
1557,Need for Speed Rivals,PS4,2013.0,,Electronic Arts  ,Ghost Games  ,,,0.75,1.04,0.03,0.35,2.17
1558,PlayStation VR Worlds,PS4,2016.0,,Sony Interactive Entertainment  ,SIE London Studio  ,,,0.36,1.4,0.09,0.32,2.16
1559,Devil May Cry,PS2,2001.0,,Capcom  ,Capcom  ,9.1,9.3,1.36,0.86,0.64,0.13,2.99
1562,Syphon Filter 2,PS,2000.0,,989 Studios  ,Eidetic  ,,,1.5,0.55,0.02,0.08,2.15
1563,Battlefield: Hardline,PS4,2015.0,,Electronic Arts  ,EA DICE  ,,,0.72,0.97,0.14,0.33,2.15
1566,Mario & Luigi: Superstar Saga,GBA,2003.0,,Nintendo  ,AlphaDream Corporation  ,8.8,,1.48,0.17,0.47,0.06,2.17
1567,Volleyball,NES,1987.0,,Nintendo  ,Nintendo R&D1  ,,,0.14,0.03,1.98,0.0,2.15
1570,Mario & Sonic at the Olympic Games,Wii,2007.0,,Sega  ,Sega  ,7.2,,2.57,3.87,0.66,0.9,8.0
1578,NBA 2K12,PS3,2011.0,,2K Sports  ,Visual Concepts  ,9.0,,1.62,0.27,0.05,0.18,2.13
1581,Resistance: Fall of Man,PS3,2006.0,,Sony Computer Entertainment  ,Insomniac Games  ,8.5,9.1,1.74,1.72,0.14,0.76,4.37
1582,Project Gotham Racing,XB,2001.0,,Microsoft  ,Bizarre Creations  ,8.4,,1.37,0.61,0.05,0.09,2.12
1583,Golf,GB,1990.0,,Nintendo  ,Nintendo  ,,,0.83,0.33,0.92,0.04,2.12
1584,NBA 2K11,X360,2010.0,,2K Sports  ,Visual Concepts  ,8.8,,1.86,0.12,0.01,0.13,2.11
1587,PES 2009: Pro Evolution Soccer,PS3,2008.0,,Konami  ,Konami  ,7.7,,0.11,1.34,0.4,0.26,2.11
1588,Need for Speed: Hot Pursuit 2,PS2,2002.0,,Electronic Arts  ,EA Seattle  ,8.7,,1.68,0.31,0.02,0.09,2.11
1589,Project Gotham Racing (JP weekly sales),XB,2002.0,,Microsoft  ,Bizarre Creations  ,,,1.54,0.44,0.04,0.07,2.1
1593,Killzone: Shadow Fall,PS4,2013.0,,Sony Computer Entertainment  ,Guerrilla Games  ,9.0,,0.89,1.58,0.08,0.47,3.02
1594,Kirby: Nightmare in Dream Land,GBA,2002.0,,Nintendo  ,HAL Laboratory  ,8.1,,1.22,0.1,0.91,0.04,2.27
1595,Onimusha 2: Samurai's Destiny,PS2,2002.0,,Capcom  ,Capcom  ,8.5,,0.62,0.44,1.06,0.13,2.25
1598,Need for Speed: Most Wanted 5-1-0,PSP,2005.0,,Electronic Arts  ,EA Black Box  ,7.4,,1.77,0.13,0.02,0.17,2.09
1600,Finding Nemo,PS2,2003.0,,THQ  ,Traveller's Tales  ,,,1.26,0.6,0.05,0.18,2.09
1602,Grand Theft Auto: Episodes from Liberty City,PS3,2010.0,,Rockstar Games  ,Rockstar North  ,9.0,,0.62,0.99,0.13,0.34,2.09
1608,Portal 2,X360,2011.0,,Valve  ,Valve Software  ,9.6,,1.41,0.49,0.01,0.17,2.08
1610,Mario Party 7,GC,2005.0,,Nintendo  ,Hudson Soft  ,6.0,,0.95,0.11,0.46,0.04,1.57
1612,Metal Gear Solid: Peace Walker,PSP,2010.0,,Konami  ,Kojima Productions  ,8.6,,0.46,0.42,0.96,0.25,2.08
1616,Rise of the Tomb Raider,PS4,2016.0,,Square Enix  ,Crystal Dynamics  ,,,0.61,1.08,0.05,0.32,2.07
1617,UFC 2009 Undisputed,X360,2009.0,,THQ  ,Yuke's Osaka  ,8.4,,1.48,0.39,0.0,0.19,2.07
1619,LittleBigPlanet 3,PS4,2014.0,,Sony Computer Entertainment  ,Sumo Digital  ,,,0.78,0.93,0.01,0.34,2.06
1620,Professor Layton and the Last Specter,DS,2011.0,,Nintendo  ,Level 5  ,8.4,,0.28,1.41,0.68,0.32,2.68
1621,The Incredibles,GBA,2004.0,,THQ  ,Helixe  ,5.4,,1.15,0.77,0.04,0.1,2.06
1622,Call of Duty 2,X360,2005.0,,Activision  ,Infinity Ward  ,8.8,9.1,1.84,0.04,0.01,0.16,2.06
1623,Hitman: Absolution,PS3,2012.0,,Square Enix  ,IO Interactive  ,,,0.59,1.08,0.07,0.32,2.06
1624,Toy Story 3: The Video Game,DS,2010.0,,Disney Interactive Studios  ,Avalanche Software  ,,,0.89,0.95,0.02,0.21,2.06
1625,R4: Ridge Racer Type 4,PS,1999.0,,Namco  ,Namco  ,9.1,,0.68,0.46,0.79,0.13,2.06
1626,Tom Clancy's Splinter Cell: Conviction,X360,2010.0,,Ubisoft  ,Ubisoft Montreal  ,8.6,,1.2,0.62,0.04,0.19,2.06
1627,Need for Speed: Undercover,PS3,2008.0,,Electronic Arts  ,EA Vancouver  ,5.9,,0.63,1.01,0.05,0.38,2.06
1628,Need for Speed: ProStreet,X360,2007.0,,Electronic Arts  ,EA Black Box  ,7.1,,1.04,0.79,0.01,0.21,2.05
1632,Xenoblade Chronicles 2,NS,2017.0,,Nintendo  ,Monolith Soft  ,8.2,,0.55,0.52,0.24,0.1,1.4
1634,Dark Souls,PS3,2011.0,,Namco Bandai  ,From Software  ,9.0,,0.75,0.53,0.54,0.22,2.05
1635,Middle-Earth: Shadow of War,PS4,2017.0,,Warner Bros. Interactive Entertainment  ,Monolith Productions  ,,,0.82,0.84,0.06,0.33,2.04
1637,Need for Speed: ProStreet,PS3,2007.0,,Electronic Arts  ,EA Black Box  ,7.2,,0.73,0.91,0.04,0.36,2.04
1641,Dead or Alive 3,XB,2001.0,,Tecmo  ,Team Ninja  ,8.3,,1.19,0.29,0.24,0.06,1.77
1642,PGR4 - Project Gotham Racing 4,X360,2007.0,,Microsoft Game Studios  ,Bizarre Creations  ,8.6,,0.48,1.28,0.02,0.25,2.04
1643,Dance Central 2,X360,2011.0,,Microsoft  ,Harmonix Music Systems  ,8.6,,1.45,0.41,0.01,0.16,2.04
1644,Dragon Quest XI: Echoes of an Elusive Age,PS4,2018.0,,Square Enix  ,Square Enix  ,9.5,,0.29,0.22,1.43,0.1,2.04
1647,1080°: TenEighty Snowboarding,N64,1998.0,,Nintendo  ,Nintendo EAD  ,9.1,,1.25,0.61,0.13,0.05,2.03
1648,Mario Hoops 3 on 3,DS,2006.0,,Nintendo  ,Square Enix  ,7.1,,0.98,0.04,0.49,0.09,1.61
1649,Yoshi's New Island,3DS,2014.0,,Nintendo  ,Arzest  ,,,0.51,0.74,0.29,0.11,1.66
1653,The Sims 3,PS3,2010.0,,Electronic Arts  ,The Sims Studio  ,8.1,,0.73,0.96,0.02,0.31,2.03
1654,LEGO City Undercover: The Chase Begins,3DS,2013.0,,Nintendo  ,TT Fusion  ,6.2,,0.54,0.99,0.08,0.12,1.74
1655,Onimusha: Warlords,PS2,2001.0,,Capcom  ,Flagship  ,8.7,7.3,0.99,0.48,1.09,0.14,2.7
1660,Need for Speed: The Run,PS3,2011.0,,Electronic Arts  ,EA Black Box  ,6.3,,0.58,1.05,0.03,0.35,2.01
1661,Donkey Kong Country: Tropical Freeze,WiiU,2014.0,,Nintendo  ,Retro Studios  ,8.8,9.1,0.74,0.68,0.16,0.13,1.71
1669,Beyond: Two Souls,PS3,2013.0,,Sony Computer Entertainment  ,Quantic Dream  ,,,0.52,0.86,0.06,0.26,1.7
1670,Bloodborne,PS4,2015.0,,Sony Computer Entertainment  ,From Software  ,8.2,,1.3,1.05,0.28,0.48,3.11
1677,Deca Sports,Wii,2008.0,,Hudson Soft  ,CAProduction  ,5.3,,1.11,0.86,0.29,0.25,2.5
1680,Dragon Ball Z: Budokai Tenkaichi,PS2,2005.0,,Atari  ,Spike  ,,,0.96,0.12,0.54,0.04,1.66
1682,Dragon Quest Monsters: Joker 2,DS,2011.0,,Nintendo  ,TOSE Software  ,8.1,,0.09,0.07,1.24,0.02,1.42
1684,Driveclub,PS4,2014.0,,Sony Computer Entertainment  ,Evolution Studios  ,7.2,,0.37,1.63,0.02,0.36,2.37
1688,inFAMOUS,PS3,2009.0,,Sony Computer Entertainment  ,Sucker Punch Productions  ,8.7,9.1,1.76,0.68,0.12,0.42,2.99
1690,Mario + Rabbids: Kingdom Battle,NS,2017.0,,Ubisoft  ,Ubisoft Milan  ,8.3,,1.1,1.08,0.22,0.2,2.59
1702,Saints Row,X360,2006.0,,THQ  ,Volition Inc.  ,8.0,,1.17,0.77,0.02,0.22,2.18
1703,Silent Hill,PS,1999.0,,Konami  ,KCET  ,8.9,,0.71,0.48,0.3,0.1,1.6
1709,Super Street Fighter II,SNES,1994.0,,Capcom  ,Capcom  ,,,0.52,0.16,1.29,0.03,2.0
1719,WWE SmackDown! Here Comes the Pain,PS2,2003.0,,THQ  ,Yuke's  ,,,1.32,1.06,0.04,0.38,2.8
1720,Your Shape: Fitness Evolved,X360,2010.0,,Ubisoft  ,Ubisoft Montreal  ,7.0,,0.79,0.41,0.0,0.12,1.32
1723,Tenchu: Stealth Assassins,PS,1998.0,,Activision  ,Acquire  ,8.8,,0.95,0.64,0.27,0.13,1.99
1724,Tennis,GB,1989.0,,Nintendo  ,Nintendo R&D1  ,,,0.75,0.3,0.9,0.04,1.99
1725,Harry Potter and the Chamber of Secrets,GBA,2002.0,,Electronic Arts  ,Eurocom Entertainment Software  ,7.2,,1.21,0.64,0.05,0.09,1.99
1726,Just Cause 3,PS4,2015.0,,Square Enix  ,Avalanche Studios  ,7.5,,0.53,1.07,0.09,0.3,1.98
1727,Harry Potter and the Chamber of Secrets,PS,2002.0,,Electronic Arts  ,Argonaut Games  ,,,0.75,1.09,0.02,0.12,1.98
1728,Mario Sports Mix,Wii,2011.0,,Nintendo  ,Square Enix  ,6.0,,0.88,0.45,0.63,0.12,2.08
1729,SimCity,SNES,1991.0,,Nintendo  ,Intelligent Systems  ,,,0.93,0.27,0.75,0.04,1.98
1730,BioShock Infinite,X360,2013.0,,2K Games  ,Irrational Games  ,,,1.22,0.55,0.02,0.18,1.97
1732,Resident Evil 6,X360,2012.0,,Capcom  ,Capcom  ,,,1.12,0.61,0.07,0.16,1.97
1735,Dishonored 2,PS4,2016.0,,Bethesda Softworks  ,Arkane Studios  ,,,0.62,1.02,0.01,0.31,1.97
1736,Hot Shots Golf: Open Tee,PSP,2005.0,,Sony Computer Entertainment  ,Clap Hanz  ,8.4,,0.5,0.5,0.63,0.33,1.96
1738,Rad Racer,NES,1987.0,,Nintendo  ,SquareSoft  ,,,1.13,0.37,0.41,0.05,1.96
1739,Soccer,NES,1987.0,,Nintendo  ,"Iwasaki Electronics Co., Ltd.  ",,,0.18,0.23,1.53,0.02,1.96
1740,Lego Marvel Super Heroes,PS3,2013.0,,Warner Bros. Interactive Entertainment  ,Traveller's Tales  ,,,0.77,0.85,0.01,0.32,1.96
1741,Tom Clancy's Rainbow Six: Vegas,X360,2006.0,,Ubisoft  ,Ubisoft Montreal  ,8.8,,1.09,0.65,0.02,0.2,1.95
1744,Pokémon Battle Revolution,Wii,2007.0,,Nintendo  ,Genius Sonority Inc.  ,5.2,,0.78,0.37,0.3,0.13,1.59
1746,Call of Duty: Black Ops 3,PS3,2015.0,,Activision  ,Treyarch  ,,,0.65,0.92,0.07,0.3,1.95
1747,Burnout Paradise,PS3,2008.0,,Electronic Arts  ,Criterion Games  ,9.0,,1.01,0.63,0.02,0.28,1.95
1749,Forza Horizon,X360,2012.0,,Microsoft Studios  ,Playground Games  ,,,0.82,0.94,0.04,0.16,1.94
1753,Alleyway,GB,1989.0,,Nintendo  ,Nintendo R&D1 / Intelligent Systems  ,,,0.96,0.38,0.55,0.05,1.94
1756,FIFA Soccer 09,X360,2008.0,,Electronic Arts  ,EA Canada  ,8.7,,0.49,1.26,0.01,0.18,1.94
1758,Jet Moto 2,PS,1997.0,,Sony Computer Entertainment  ,SingleTrac  ,,,1.41,0.42,0.03,0.07,1.94
1763,Virtua Fighter 2,SAT,1996.0,,Sega  ,Sega-AM2  ,,,0.34,0.26,1.3,0.03,1.93
1764,The Legend of Zelda: Oracle of Ages,GBC,2001.0,,Nintendo  ,Flagship  ,9.4,,0.92,0.53,0.41,0.06,1.92
1770,Need for Speed: Shift,X360,2009.0,,Electronic Arts  ,Slightly Mad Studios  ,8.2,,0.73,0.96,0.01,0.22,1.91
1772,Lego Marvel Super Heroes,PS4,2013.0,,Warner Bros. Interactive Entertainment  ,Traveller's Tales  ,,,0.59,1.0,0.01,0.3,1.91
1773,Mario Party 3,N64,2001.0,,Nintendo  ,Hudson Soft  ,7.0,,0.72,0.16,1.01,0.02,1.91
1774,Paper Mario: The Thousand-Year Door,GC,2004.0,,Nintendo  ,Intelligent Systems  ,9.0,,1.48,0.25,0.46,0.06,2.25
1776,Star Wars Rogue Leader: Rogue Squadron II,GC,2001.0,,LucasArts  ,Factor 5  ,9.2,,1.03,0.75,0.03,0.09,1.9
1777,Tomb Raider (2013),X360,2013.0,,Square Enix  ,Crystal Dynamics  ,8.5,,0.86,0.87,0.01,0.16,1.9
1778,Dissidia: Final Fantasy,PSP,2009.0,,Square Enix  ,Square Enix  ,8.1,10.0,0.51,0.51,0.91,0.31,2.24
1779,Dragon Quest Monsters: Joker,DS,2007.0,,Square Enix  ,TOSE Software  ,7.6,,0.23,0.03,1.49,0.02,1.77
1781,Monster Hunter Tri,Wii,2010.0,,Capcom  ,Capcom Production Studio 1  ,8.1,10.0,0.65,0.41,1.05,0.11,2.23
1784,Octopath Traveler,NS,2018.0,,Nintendo  ,Square Enix  ,8.1,8.7,0.49,0.23,0.23,0.07,1.02
1785,Parasite Eve,PS,1998.0,,Square EA  ,SquareSoft  ,7.9,,0.94,0.07,1.05,0.04,2.1
1788,Batman: Arkham Origins,X360,2013.0,,Warner Bros. Interactive Entertainment  ,Warner Bros. Interactive Entertainment  ,,,1.15,0.58,0.0,0.17,1.9
1789,Until Dawn,PS4,2015.0,,Sony Computer Entertainment  ,Supermassive Games Ltd.  ,,,0.62,0.92,0.06,0.3,1.9
1790,Monopoly,Wii,2008.0,,Electronic Arts  ,EA Bright Light  ,,,0.86,0.83,0.0,0.2,1.89
1791,Minecraft,NS,2018.0,,Mojang  ,4J Studios  ,9.2,,0.69,0.56,0.52,0.12,1.89
1792,Ratchet & Clank Future: A Crack in Time,PS3,2009.0,,Sony Computer Entertainment  ,Insomniac Games  ,8.7,9.0,1.05,0.55,0.03,0.26,1.89
1793,Madden NFL 09,PS3,2008.0,,EA Sports  ,EA Tiburon  ,8.6,,1.56,0.15,0.0,0.18,1.89
1796,Tetris DX,GBC,1998.0,,Nintendo  ,Nintendo R&D1  ,,,1.06,0.6,0.2,0.07,1.93
1799,Hot Shots Golf 2,PS,2000.0,,Sony Computer Entertainment  ,Clap Hanz  ,,,0.25,0.12,1.48,0.03,1.88
1800,Medal of Honor: European Assault (All Region sales),PS2,2005.0,,Electronic Arts  ,EA Los Angeles  ,,,0.89,0.69,0.09,0.21,1.88
1801,WCW Nitro,PS,1998.0,,THQ  ,Inland Productions  ,,,1.42,0.36,0.03,0.07,1.88
1804,FIFA 2000,PS,1999.0,,EA Sports  ,EA Canada  ,8.8,,0.22,1.47,0.04,0.14,1.87
1805,inFAMOUS 2,PS3,2011.0,,Sony Computer Entertainment  ,Sucker Punch Productions  ,8.1,,1.05,0.48,0.08,0.26,1.87
1806,Star Wars: The Force Unleashed,Wii,2008.0,,LucasArts  ,Krome Studios  ,6.8,7.4,1.11,0.56,0.0,0.19,1.86
1807,The Legend of Zelda: Oracle of Seasons,GBC,2001.0,,Nintendo  ,Flagship  ,9.3,,0.87,0.52,0.41,0.06,1.86
1810,Shrek 2,PS2,2004.0,,Activision  ,"Luxoflux, Inc.  ",6.9,,1.12,0.69,0.03,0.02,1.86
1812,The Legend of Dragoon,PS,2000.0,,Sony Computer Entertainment  ,SCEI  ,7.8,6.5,0.94,0.44,0.39,0.1,1.86
1813,Turok 2: Seeds of Evil,N64,1998.0,,Acclaim Entertainment  ,Iguana Entertainment  ,9.0,,1.37,0.41,0.04,0.04,1.86
1814,The Evil Within,PS4,2014.0,,Bethesda Softworks  ,Tango Gameworks  ,7.7,,0.56,0.9,0.11,0.28,1.86
1816,Max Payne 3,PS3,2012.0,,Rockstar Games  ,Rockstar Vancouver  ,,,0.59,0.93,0.06,0.27,1.86
1820,Kirby's Epic Yarn,Wii,2010.0,,Nintendo  ,Good-Feel  ,8.7,,1.42,0.09,0.45,0.13,2.09
1821,Pinball,NES,1985.0,,Nintendo  ,Nintendo  ,,,0.8,0.19,0.83,0.03,1.85
1825,Forza Horizon 4,XOne,2018.0,,Microsoft Studios  ,Playground Games  ,9.2,,0.74,0.95,0.01,0.15,1.84
1829,Watch Dogs,PS3,2014.0,,Ubisoft  ,Ubisoft Montreal  ,,,0.56,0.89,0.1,0.28,1.83
1831,Jet Moto,PS,1996.0,,Sony Computer Entertainment  ,SingleTrac  ,,,1.33,0.4,0.03,0.07,1.83
1832,"Hey You, Pikachu!",N64,2000.0,,Nintendo  ,Ambrella  ,,,0.83,0.06,0.93,0.0,1.83
1833,Secret of Mana,SNES,1993.0,,Square  ,SquareSoft  ,9.1,,0.25,0.07,1.49,0.02,1.83
1838,Donkey Kong Country,GBA,2003.0,,Nintendo  ,Rare Ltd.  ,7.5,,1.2,0.48,0.29,0.07,2.04
1839,Sonic & Knuckles,GEN,1994.0,,Sega  ,Sonic Team  ,,,1.24,0.43,0.03,0.12,1.82
1840,Star Fox Adventures,GC,2002.0,,Nintendo  ,Rare Ltd.  ,8.1,,0.96,0.53,0.3,0.09,1.87
1842,BioShock Infinite,PS3,2013.0,,2K Games  ,Irrational Games  ,9.5,,0.74,0.74,0.04,0.3,1.82
1845,The Orange Box,X360,2007.0,,Electronic Arts  ,Valve Software  ,9.7,,1.09,0.53,0.02,0.17,1.82
1847,Crazy Taxi,DC,2000.0,,Sega  ,Hitmaker  ,9.3,,1.1,0.51,0.12,0.08,1.81
1848,NBA 2K11,PS3,2010.0,,2K Sports  ,Visual Concepts  ,,,1.41,0.21,0.03,0.16,1.81
1852,Ace Combat 5: The Unsung War,PS2,2004.0,,Namco  ,Namco  ,,,0.88,0.34,0.32,0.18,1.71
1853,Sonic Advance 2,GBA,2003.0,,Sega  ,Dimps Corporation / Sonic Team  ,,,0.93,0.59,0.21,0.07,1.8
1854,Dead Rising,X360,2006.0,,Capcom  ,Capcom Production Studio 1  ,8.4,,1.16,0.65,0.08,0.2,2.09
1857,Guitar Hero,PS2,2005.0,,RedOctane  ,Harmonix Music Systems  ,8.0,,1.67,0.61,0.03,0.07,2.38
1858,Kingdom Hearts HD I.5 + II.5 ReMIX,PS4,2017.0,,Square Enix  ,Square Enix  ,,,0.75,0.51,0.23,0.26,1.75
1860,Namco Museum DS,DS,2007.0,,Namco Bandai  ,M2  ,,,1.14,0.01,0.06,0.1,1.31
1861,Sonic Colors,Wii,2010.0,,Sega  ,Sonic Team  ,7.7,,0.95,0.61,0.01,0.16,1.73
1865,Kirby's Return to Dreamland,Wii,2011.0,,Nintendo  ,HAL Laboratory  ,7.6,,0.58,0.21,0.79,0.07,1.66
1866,New Play Control! Mario Power Tennis,Wii,2009.0,,Nintendo  ,Camelot Software Planning  ,6.6,,0.35,0.69,0.28,0.14,1.46
1867,Samurai Warriors,PS2,2004.0,,KOEI  ,Omega Force  ,,,0.22,0.05,1.06,0.02,1.35
1868,The Lion King,SNES,1994.0,,Virgin Interactive  ,Westwood Studios  ,,,1.26,0.39,0.08,0.06,1.79
1870,The Crew,PS4,2014.0,,Ubisoft  ,Ubisoft Reflections  ,,,0.44,1.04,0.03,0.27,1.79
1873,Wii Party U,WiiU,2013.0,,Nintendo  ,"Nd Cube Co., Ltd.  ",6.6,,0.3,0.66,0.84,0.08,1.88
1874,The Getaway: Black Monday,PS2,2005.0,,Sony Computer Entertainment  ,Team Soho  ,,,0.39,1.01,0.02,0.36,1.78
1879,Dynasty Warriors 3,PS2,2001.0,,KOEI  ,Omega Force  ,,,0.53,0.16,1.07,0.1,1.87
1881,Kirby 64: The Crystal Shards,N64,2000.0,,Nintendo  ,HAL Laboratory  ,7.9,,0.63,0.06,1.03,0.04,1.77
1883,UFC 2009 Undisputed,PS3,2009.0,,THQ  ,Yuke's Osaka  ,8.4,,1.07,0.45,0.01,0.24,1.76
1884,Dragon's Dogma,PS3,2012.0,,Capcom  ,Capcom  ,,,0.41,0.48,0.72,0.16,1.76
1889,Kid Icarus,NES,1987.0,,Nintendo  ,Nintendo R&D1  ,,,0.53,0.12,1.09,0.02,1.76
1890,Sonic the Hedgehog 3,GEN,1994.0,,Sega  ,Sonic Team  ,,,1.02,0.47,0.2,0.07,1.76
1891,The Legend of Zelda: The Minish Cap,GBA,2005.0,,Nintendo  ,Flagship  ,8.9,,0.89,0.22,0.22,0.1,1.42
1896,Kinect Star Wars,X360,2012.0,,Microsoft Studios  ,Terminal Reality  ,,,1.05,0.53,0.03,0.15,1.76
1898,Star Wars: Starfighter,PS2,2001.0,,LucasArts  ,LucasArts  ,,,0.61,0.87,0.02,0.26,1.76
1900,Just Cause 2,PS3,2010.0,,Square Enix  ,Avalanche Studios  ,8.3,,0.45,0.92,0.06,0.32,1.75
1902,Pro Evolution Soccer,PS2,2001.0,,Konami  ,Konami Computer Entertainment Tokyo  ,,,0.06,0.9,0.53,0.27,1.75
1904,Disney's Aladdin,SNES,1993.0,,Capcom  ,Capcom/Disney  ,,,0.94,0.34,0.21,0.27,1.75
1905,Kirby's Adventure,NES,1993.0,,Nintendo  ,HAL Laboratory  ,,,0.79,0.14,0.8,0.02,1.75
1906,Yoshi,NES,1992.0,,Nintendo  ,Game Freak  ,,,0.7,0.13,0.91,0.01,1.75
1907,For Honor,PS4,2017.0,,Ubisoft  ,Ubisoft Montreal  ,,,0.73,0.66,0.07,0.28,1.75
1908,FIFA Soccer 08,PS3,2007.0,,EA Sports  ,EA Canada  ,8.5,,0.35,1.07,0.02,0.31,1.75
1909,Dance Dance Revolution X,PS2,2008.0,,Konami  ,Konami Computer Entertainment Tokyo  ,,,0.85,0.66,0.01,0.22,1.75
1912,Star Wars Episode I: The Phantom Menace,PS,1999.0,,LucasArts  ,Big Ape Productions  ,,,0.72,0.89,0.04,0.1,1.74
1917,Shadow of the Tomb Raider,PS4,2018.0,,Square Enix  ,Eidos Montreal  ,,,0.59,0.82,0.06,0.27,1.74
1920,Harry Potter and the Sorcerer's Stone,GB,2001.0,,Electronic Arts  ,Griptonite Games  ,,,0.94,0.62,0.1,0.07,1.73
1921,Mario & Luigi: Partners in Time,DS,2005.0,,Nintendo  ,AlphaDream Corporation  ,8.8,,0.74,0.05,0.43,0.07,1.29
1924,Dishonored,X360,2013.0,,Bethesda Softworks  ,Arkane Studios  ,,,1.06,0.5,0.01,0.15,1.72
1927,Metroid II: Return of Samus,GB,1991.0,,Nintendo  ,Intelligent Systems  ,7.3,,0.85,0.31,0.56,0.04,1.76
1929,Titanfall 2,PS4,2016.0,,Electronic Arts  ,Respawn Entertainment  ,8.9,,0.75,0.62,0.06,0.28,1.72
1940,Call of Duty Black Ops: Declassified,PSV,2012.0,,Activision  ,Nihilistic  ,,,0.74,0.52,0.07,0.38,1.71
1941,Portal 2,PS3,2011.0,,Valve  ,Valve Software  ,9.6,,0.83,0.62,0.02,0.24,1.71
1942,FIFA Soccer 10,PS2,2009.0,,EA Sports  ,EA Canada  ,,,0.23,0.24,0.0,1.23,1.7
1943,Hitman: Absolution,X360,2012.0,,Square Enix  ,IO Interactive  ,,,0.68,0.88,0.01,0.13,1.7
1944,Chrono Cross,PS,2000.0,,Square EA  ,SquareSoft  ,9.7,9.8,0.62,0.42,0.69,0.12,1.86
1945,Devil May Cry 2,PS2,2003.0,,Capcom  ,Capcom  ,6.5,,0.71,0.58,0.51,0.17,1.97
1946,Dragon Quest V: Hand of the Heavenly Bride,DS,2009.0,,Square Enix  ,ArtePiazza  ,8.6,,0.17,0.02,1.36,0.02,1.57
1947,Dragon Quest VI: Realms of Revelation,DS,2011.0,,Nintendo  ,ArtePiazza  ,7.6,,0.2,0.15,1.35,0.03,1.73
1949,Dynasty Warriors 5,PS2,2005.0,,KOEI  ,Omega Force  ,,,0.24,0.18,0.91,0.06,1.39
1950,Final Fantasy II,SNES,1991.0,,Square  ,Square  ,10.0,,0.24,0.09,1.33,0.12,1.77
1951,Final Fantasy Tactics Advance,GBA,2003.0,,Nintendo  ,Square Enix  ,,,0.82,0.37,0.89,0.05,2.13
1954,Kingdom Hearts 358/2 Days,DS,2009.0,,Square Enix  ,High Horse Entertainment  ,7.5,,1.06,0.26,0.53,0.13,1.99
1955,Kingdom Hearts: Birth by Sleep,PSP,2010.0,,Square Enix  ,Square Enix  ,7.9,,0.63,0.42,0.75,0.27,2.08
1957,Super Princess Peach,DS,2006.0,,Nintendo  ,TOSE Software  ,7.8,,0.7,0.05,0.21,0.07,1.03
1959,Tekken 6,X360,2009.0,,Namco Bandai  ,Namco Bandai Games  ,7.8,,0.71,0.41,0.05,0.13,1.3
1966,SOCOM 3: U.S. Navy SEALs,PS2,2005.0,,Sony Computer Entertainment  ,Zipper Interactive  ,,,1.22,0.34,0.04,0.1,1.69
1967,Saints Row IV,X360,2013.0,,Deep Silver  ,Volition Inc.  ,,,1.01,0.51,0.01,0.15,1.69
1969,Cooking Mama 3: Shop & Chop,DS,2009.0,,505 Games  ,Cooking Mama Ltd.  ,,,0.79,0.66,0.08,0.17,1.69
1970,Need for Speed: Undercover,X360,2008.0,,Electronic Arts  ,EA Vancouver  ,6.3,,0.8,0.7,0.01,0.18,1.69
1972,The Legend of Zelda: Breath of the Wild,WiiU,2017.0,,Nintendo  ,Nintendo EPD  ,10.0,10.0,0.66,0.42,0.15,0.11,1.34
1973,WCW vs. nWo: World Tour,N64,1997.0,,THQ  ,Aki Corp.  ,,,1.37,0.28,0.03,0.02,1.69
1974,WCW/NWO Thunder,PS,1998.0,,THQ  ,Inland Productions  ,,,1.1,0.48,0.04,0.07,1.69
1975,Harry Potter and the Sorcerer's Stone,GBA,2001.0,,Electronic Arts  ,Griptonite Games  ,6.6,,0.87,0.66,0.08,0.08,1.69
1979,Far Cry 4,XOne,2014.0,,Ubisoft  ,Ubisoft Montreal  ,8.5,,0.85,0.68,0.02,0.14,1.68
1980,Saints Row 2,PS3,2008.0,,THQ  ,Volition Inc.  ,7.9,,0.88,0.54,0.02,0.24,1.68
1984,Time Crisis,PS,1997.0,,Namco  ,Namco  ,8.5,,0.38,0.87,0.33,0.1,1.68
1986,Virtua Fighter 4,PS2,2002.0,,Sega  ,Sega-AM2  ,9.3,,0.78,0.44,0.56,0.04,1.81
1992,Dragon Age: Origins,PS3,2009.0,,Electronic Arts  ,BioWare Edmonton  ,8.7,,0.96,0.42,0.08,0.21,1.67
1994,Disney's DuckTales,NES,1989.0,,Capcom  ,Capcom  ,,,0.91,0.3,0.42,0.04,1.67
1995,"Monsters, Inc.",GBA,2001.0,,THQ  ,Artificial Mind and Movement  ,,,0.59,0.95,0.03,0.1,1.67
1996,Tony Hawk's Pro Skater 3,PS,2001.0,,Activision  ,Neversoft  ,,,1.09,0.49,0.02,0.07,1.67
1997,PGR: Project Gotham Racing 2,XB,2003.0,,Microsoft Game Studios  ,Bizarre Creations  ,8.9,,0.97,0.59,0.04,0.07,1.67
1998,Destiny,PS3,2014.0,,Activision  ,Bungie  ,,,0.69,0.59,0.13,0.26,1.67
1999,Fight Night Round 3,PS3,2006.0,,EA Sports  ,EA Chicago  ,,,0.81,0.58,0.01,0.26,1.67
